Timestamp,User Count,Type,Name,Requests/s,Failures/s,50%,66%,75%,80%,90%,95%,98%,99%,99.9%,99.99%,100%,Total Request Count,Total Failure Count,Total Median Response Time,Total Average Response Time,Total Min Response Time,Total Max Response Time,Total Average Content Size
1777517373,0,,Aggregated,0.000000,0.000000,N/A,N/A,N/A,N/A,N/A,N/A,N/A,N/A,N/A,N/A,N/A,0,0,0,0.0,0,0,0
1777517374,1,,Aggregated,0.000000,0.000000,N/A,N/A,N/A,N/A,N/A,N/A,N/A,N/A,N/A,N/A,N/A,0,0,0,0.0,0,0,0
1777517375,3,,Aggregated,0.000000,0.000000,N/A,N/A,N/A,N/A,N/A,N/A,N/A,N/A,N/A,N/A,N/A,0,0,0,0.0,0,0,0
1777517376,4,,Aggregated,0.000000,0.000000,2100,2100,2100,2100,2100,2100,2100,2100,2100,2100,2100,1,0,2074.0629000065383,2074.0629000065383,2074.0629000065383,2074.0629000065383,343.0
1777517377,5,,Aggregated,0.000000,0.000000,2100,2100,2100,2100,2100,2100,2100,2100,2100,2100,2100,1,0,2074.0629000065383,2074.0629000065383,2074.0629000065383,2074.0629000065383,343.0
1777517378,6,,Aggregated,0.000000,0.000000,2100,2100,2100,2100,2100,2100,2100,2100,2100,2100,2100,2,0,2090.874999994412,2082.468950000475,2074.0629000065383,2090.874999994412,339.0
1777517379,7,,Aggregated,0.333333,0.000000,2100,2100,2100,2100,2100,2100,2100,2100,2100,2100,2100,3,0,2090.874999994412,2082.83390000967,2074.0629000065383,2090.874999994412,337.6666666666667
1777517380,8,,Aggregated,0.400000,0.000000,2100,2100,2100,2100,5800,5800,5800,5800,5800,5800,5800,7,0,2100,1732.6392428658437,31.296700006350875,5757.725300005404,340.85714285714283
1777517381,9,,Aggregated,0.400000,0.000000,2100,2100,2100,2100,5800,5800,5800,5800,5800,5800,5800,7,0,2100,1732.6392428658437,31.296700006350875,5757.725300005404,340.85714285714283
1777517382,10,,Aggregated,0.571429,0.000000,2100,2100,2100,2100,5700,5800,5800,5800,5800,5800,5800,11,0,2100,1812.690263645808,21.519600006286055,5757.725300005404,328.3636363636364
1777517383,10,,Aggregated,0.875000,0.000000,2100,2100,2100,2100,5700,5800,5800,5800,5800,5800,5800,12,0,55,1663.419516677095,21.441300021251664,5757.725300005404,307.1666666666667
1777517384,10,,Aggregated,0.875000,0.000000,55,2100,2100,2100,5700,5800,5800,5800,5800,5800,5800,15,0,55,1474.502793342496,21.441300021251664,5757.725300005404,316.6
1777517385,10,,Aggregated,1.100000,0.000000,55,2100,2100,2100,5800,8000,8000,8000,8000,8000,8000,19,0,55,1699.5701000069905,16.538600000785664,8041.47950001061,308.2105263157895
1777517386,10,,Aggregated,1.500000,0.000000,55,2100,2100,2100,5800,8000,8000,8000,8000,8000,8000,20,0,42,1615.4350850061746,16.538600000785664,8041.47950001061,296.5
1777517387,10,,Aggregated,1.700000,0.000000,47,2100,2100,2100,5700,5800,8000,8000,8000,8000,8000,22,0,42,1472.356236369127,16.538600000785664,8041.47950001061,300.09090909090907
1777517388,10,,Aggregated,1.800000,0.000000,42,2100,2100,2100,5700,5800,8000,8000,8000,8000,8000,23,0,42,1409.210008701927,16.538600000785664,8041.47950001061,290.2608695652174
1777517389,10,,Aggregated,1.900000,0.000000,47,2100,2100,2100,5800,8000,11000,11000,11000,11000,11000,24,0,42,1798.3065375058989,16.538600000785664,10747.526699997252,296.2916666666667
1777517390,10,,Aggregated,2.000000,0.000000,42,2100,2100,2100,5800,8000,11000,11000,11000,11000,11000,25,0,42,1727.2734000056516,16.538600000785664,10747.526699997252,287.4
1777517391,10,,Aggregated,2.000000,0.000000,47,2100,2100,2100,8000,11000,11000,11000,11000,11000,11000,28,0,42,2001.839310719723,16.538600000785664,10747.788499982562,294.9642857142857
1777517392,10,,Aggregated,2.000000,0.000000,47,2100,2100,2100,8000,11000,11000,11000,11000,11000,11000,30,0,42,1871.3263566722162,16.538600000785664,10747.788499982562,297.6333333333333
1777517393,10,,Aggregated,1.800000,0.000000,46,2100,2100,2100,5800,11000,11000,11000,11000,11000,11000,31,0,46,1812.4311032316332,16.538600000785664,10747.788499982562,298.83870967741933
1777517394,10,,Aggregated,2.000000,0.000000,46,2100,2100,2100,8000,11000,11000,11000,11000,11000,11000,34,0,42,1984.130776476163,16.538600000785664,11192.802000005031,303.0
1777517395,10,,Aggregated,1.900000,0.000000,42,2100,2100,2100,8000,11000,11000,11000,11000,11000,11000,37,0,42,1826.3567108165385,16.538600000785664,11192.802000005031,306.02702702702703
1777517396,10,,Aggregated,1.700000,0.000000,46,2100,2100,2100,8000,11000,12000,12000,12000,12000,12000,42,0,44,1987.3649190523706,16.538600000785664,11714.19229998719,314.0238095238095
1777517397,10,,Aggregated,1.800000,0.000000,44,2100,2100,2100,8000,11000,12000,12000,12000,12000,12000,43,0,44,1941.715932562866,16.538600000785664,11714.19229998719,308.4418604651163
1777517398,10,,Aggregated,1.800000,0.000000,44,2100,2100,2100,8000,11000,12000,12000,12000,12000,12000,44,0,42,1898.5371795497485,16.538600000785664,11714.19229998719,309.52272727272725
1777517399,10,,Aggregated,2.200000,0.000000,44,2000,2100,2100,8000,11000,12000,12000,12000,12000,12000,46,0,42,1817.8964108734838,16.538600000785664,11714.19229998719,310.6304347826087
1777517400,10,,Aggregated,2.100000,0.000000,44,2100,2100,2100,11000,11000,14000,14000,14000,14000,14000,47,0,44,2073.435806386926,16.538600000785664,13828.24800000526,311.8510638297872
1777517401,10,,Aggregated,2.200000,0.000000,44,2100,2100,2100,11000,11000,14000,14000,14000,14000,14000,49,0,44,2031.994124493153,16.538600000785664,13828.24800000526,313.55102040816325
1777517402,10,,Aggregated,2.200000,0.000000,44,2100,2100,2100,11000,11000,14000,14000,14000,14000,14000,49,0,44,2031.994124493153,16.538600000785664,13828.24800000526,313.55102040816325
1777517403,10,,Aggregated,2.200000,0.000000,44,2100,2100,2100,11000,11000,14000,14000,14000,14000,14000,49,0,44,2031.994124493153,16.538600000785664,13828.24800000526,313.55102040816325
1777517404,10,,Aggregated,2.000000,0.000000,46,2100,2100,2100,11000,12000,16000,16000,16000,16000,16000,50,0,44,2306.991824003053,16.538600000785664,15781.879099988146,316.26
1777517405,10,,Aggregated,1.900000,0.000000,44,2100,2100,2100,11000,12000,14000,16000,16000,16000,16000,51,0,44,2262.47690392455,16.538600000785664,15781.879099988146,316.62745098039215
1777517406,10,,Aggregated,1.700000,0.000000,46,2100,2100,2100,11000,12000,14000,16000,16000,16000,16000,52,0,44,2219.854690387505,16.538600000785664,15781.879099988146,317.38461538461536
1777517407,10,,Aggregated,1.700000,0.000000,46,2100,2100,2100,11000,12000,14000,16000,16000,16000,16000,52,0,44,2219.854690387505,16.538600000785664,15781.879099988146,317.38461538461536
1777517408,10,,Aggregated,1.400000,0.000000,46,2100,2100,2100,11000,12000,14000,16000,16000,16000,16000,54,0,46,2368.6496740766515,16.538600000785664,15781.879099988146,319.9074074074074
1777517410,10,,Aggregated,1.400000,0.000000,46,2100,2100,2100,11000,12000,14000,16000,16000,16000,16000,54,0,46,2368.6496740766515,16.538600000785664,15781.879099988146,319.9074074074074
1777517411,10,,Aggregated,0.900000,0.000000,46,2100,2100,2100,11000,12000,14000,16000,16000,16000,16000,55,0,46,2363.2320600027347,16.538600000785664,15781.879099988146,320.8727272727273
1777517412,10,,Aggregated,0.900000,0.000000,46,2100,2100,2100,11000,12000,14000,16000,16000,16000,16000,55,0,46,2363.2320600027347,16.538600000785664,15781.879099988146,320.8727272727273
1777517413,10,,Aggregated,0.800000,0.000000,46,2100,2100,2100,11000,14000,16000,16000,16000,16000,16000,56,0,46,2602.608948217364,16.538600000785664,15781.879099988146,321.69642857142856
1777517414,10,,Aggregated,0.700000,0.000000,46,2100,2100,2100,11000,14000,16000,16000,16000,16000,16000,57,0,46,2557.922087722609,16.538600000785664,15781.879099988146,321.9298245614035
1777517415,10,,Aggregated,0.700000,0.000000,46,2100,2100,2100,11000,14000,16000,16000,16000,16000,16000,57,0,46,2557.922087722609,16.538600000785664,15781.879099988146,321.9298245614035
1777517416,10,,Aggregated,0.700000,0.000000,46,2100,2100,2100,11000,14000,16000,16000,16000,16000,16000,57,0,46,2557.922087722609,16.538600000785664,15781.879099988146,321.9298245614035
1777517417,10,,Aggregated,0.700000,0.000000,46,2100,2100,2100,11000,14000,16000,16000,16000,16000,16000,57,0,46,2557.922087722609,16.538600000785664,15781.879099988146,321.9298245614035
1777517418,10,,Aggregated,0.700000,0.000000,47,2100,2100,5700,12000,16000,16000,19000,19000,19000,19000,58,0,46,2839.366920692806,16.538600000785664,18881.722399994032,322.67241379310343
1777517419,10,,Aggregated,0.600000,0.000000,47,2100,2100,5700,12000,16000,16000,19000,19000,19000,19000,59,0,47,2792.32434746099,16.538600000785664,18881.722399994032,322.8813559322034
1777517420,10,,Aggregated,0.500000,0.000000,47,2100,2100,5700,12000,16000,16000,19000,19000,19000,19000,60,0,46,2746.3412266699984,16.538600000785664,18881.722399994032,318.73333333333335
1777517421,10,,Aggregated,0.600000,0.000000,47,2100,2100,2100,11000,14000,16000,19000,19000,19000,19000,61,0,47,2702.1960016429716,16.538600000785664,18881.722399994032,319.0
1777517422,10,,Aggregated,0.600000,0.000000,47,2100,2100,2100,11000,14000,16000,19000,19000,19000,19000,61,0,47,2702.1960016429716,16.538600000785664,18881.722399994032,319.0
1777517423,10,,Aggregated,0.600000,0.000000,50,2100,2100,5700,12000,16000,19000,22000,22000,22000,22000,62,0,47,3017.609783874509,16.538600000785664,22257.850499998312,319.7741935483871
1777517424,10,,Aggregated,0.600000,0.000000,50,2100,2100,5700,12000,16000,19000,22000,22000,22000,22000,62,0,47,3017.609783874509,16.538600000785664,22257.850499998312,319.7741935483871
1777517425,10,,Aggregated,0.600000,0.000000,50,2100,2100,5700,12000,16000,19000,22000,22000,22000,22000,63,0,50,3003.145547622504,16.538600000785664,22257.850499998312,320.6031746031746
1777517426,10,,Aggregated,0.600000,0.000000,50,2100,2100,5700,12000,16000,19000,22000,22000,22000,22000,63,0,50,3003.145547622504,16.538600000785664,22257.850499998312,320.6031746031746
1777517427,10,,Aggregated,0.500000,0.000000,50,2100,2100,5800,12000,16000,22000,25000,25000,25000,25000,64,0,50,3349.55605469122,16.538600000785664,25173.41800002032,322.421875
1777517428,10,,Aggregated,0.500000,0.000000,50,2100,2100,5800,12000,16000,22000,25000,25000,25000,25000,64,0,50,3349.55605469122,16.538600000785664,25173.41800002032,322.421875
1777517429,10,,Aggregated,0.600000,0.000000,50,2100,2100,5800,12000,16000,22000,25000,25000,25000,25000,65,0,50,3299.2030415419813,16.538600000785664,25173.41800002032,322.61538461538464
1777517430,10,,Aggregated,0.700000,0.000000,53,2100,2100,5700,12000,16000,22000,25000,25000,25000,25000,66,0,50,3250.3290530338277,16.538600000785664,25173.41800002032,322.8030303030303
1777517431,10,,Aggregated,0.700000,0.000000,53,2100,2100,5700,12000,16000,22000,25000,25000,25000,25000,66,0,50,3250.3290530338277,16.538600000785664,25173.41800002032,322.8030303030303
1777517432,10,,Aggregated,0.700000,0.000000,53,2100,2100,5700,12000,16000,22000,25000,25000,25000,25000,66,0,50,3250.3290530338277,16.538600000785664,25173.41800002032,322.8030303030303
1777517433,10,,Aggregated,0.600000,0.000000,53,2100,2100,5800,14000,19000,25000,30000,30000,30000,30000,67,0,53,3645.859250749736,16.538600000785664,29750.85229999968,323.44776119402985
1777517434,10,,Aggregated,0.600000,0.000000,53,2100,2100,5800,14000,19000,25000,30000,30000,30000,30000,67,0,53,3645.859250749736,16.538600000785664,29750.85229999968,323.44776119402985
1777517435,10,,Aggregated,0.500000,0.000000,55,2100,2100,8000,16000,22000,30000,32000,32000,32000,32000,68,0,53,4065.775397062466,16.538600000785664,32200.157200015383,323.7647058823529
1777517436,10,,Aggregated,0.500000,0.000000,55,2100,2100,8000,16000,22000,30000,32000,32000,32000,32000,68,0,53,4065.775397062466,16.538600000785664,32200.157200015383,323.7647058823529
1777517437,10,,Aggregated,0.500000,0.000000,55,2100,2100,8000,16000,22000,30000,32000,32000,32000,32000,68,0,53,4065.775397062466,16.538600000785664,32200.157200015383,323.7647058823529
1777517438,10,,Aggregated,0.500000,0.000000,55,2100,2100,8000,16000,22000,30000,32000,32000,32000,32000,68,0,53,4065.775397062466,16.538600000785664,32200.157200015383,323.7647058823529
1777517439,10,,Aggregated,0.500000,0.000000,55,2100,2100,8000,16000,22000,30000,32000,32000,32000,32000,68,0,53,4065.775397062466,16.538600000785664,32200.157200015383,323.7647058823529
1777517440,10,,Aggregated,0.400000,0.000000,55,2100,5700,11000,19000,30000,30000,32000,32000,32000,32000,70,0,55,4812.2223214321175,16.538600000785664,32200.157200015383,326.98571428571427
1777517441,10,,Aggregated,0.400000,0.000000,55,2100,5700,11000,16000,30000,30000,32000,32000,32000,32000,71,0,55,4745.224845073839,16.538600000785664,32200.157200015383,327.09859154929575
1777517442,10,,Aggregated,0.300000,0.000000,55,2100,5700,11000,16000,30000,30000,32000,32000,32000,32000,72,0,55,4680.317263892195,16.538600000785664,32200.157200015383,327.2083333333333
1777517443,10,,Aggregated,0.300000,0.000000,55,2100,5700,11000,16000,30000,30000,32000,32000,32000,32000,72,0,55,4680.317263892195,16.538600000785664,32200.157200015383,327.2083333333333
1777517444,10,,Aggregated,0.600000,0.000000,55,2100,5700,11000,19000,30000,32000,32000,32000,32000,32000,75,0,55,4951.770922670064,16.538600000785664,32211.884700023802,328.14666666666665
1777517445,10,,Aggregated,0.600000,0.000000,55,2100,5700,11000,19000,30000,32000,32000,32000,32000,32000,75,0,55,4951.770922670064,16.538600000785664,32211.884700023802,328.14666666666665
1777517446,10,,Aggregated,0.500000,0.000000,63,2100,5800,11000,22000,30000,32000,32000,32000,32000,32000,76,0,55,5283.732197371903,16.538600000785664,32211.884700023802,329.55263157894734
1777517447,10,,Aggregated,0.500000,0.000000,63,2100,5800,11000,22000,30000,32000,32000,32000,32000,32000,76,0,55,5283.732197371903,16.538600000785664,32211.884700023802,329.55263157894734
1777517448,10,,Aggregated,0.500000,0.000000,63,2100,5800,11000,22000,30000,32000,32000,32000,32000,32000,76,0,55,5283.732197371903,16.538600000785664,32211.884700023802,329.55263157894734
1777517449,10,,Aggregated,0.500000,0.000000,63,2100,5800,11000,22000,30000,32000,32000,32000,32000,32000,76,0,55,5283.732197371903,16.538600000785664,32211.884700023802,329.55263157894734
1777517450,10,,Aggregated,0.500000,0.000000,63,2100,5800,11000,22000,30000,32000,32000,32000,32000,32000,76,0,55,5283.732197371903,16.538600000785664,32211.884700023802,329.55263157894734
1777517451,10,,Aggregated,0.500000,0.000000,63,2100,5800,11000,22000,30000,32000,32000,32000,32000,32000,76,0,55,5283.732197371903,16.538600000785664,32211.884700023802,329.55263157894734
1777517452,10,,Aggregated,0.800000,0.000000,63,2100,5800,11000,25000,30000,32000,32000,32000,32000,32000,77,0,63,5604.930327276174,16.538600000785664,32211.884700023802,331.1038961038961
1777517453,10,,Aggregated,0.500000,0.000000,63,2100,5800,11000,25000,30000,32000,32000,32000,32000,32000,78,0,55,5533.686138464896,16.538600000785664,32211.884700023802,331.15384615384613
1777517454,10,,Aggregated,0.500000,0.000000,64,2100,8000,12000,30000,30000,32000,32000,32000,32000,32000,80,0,63,5798.902693753553,16.538600000785664,32211.884700023802,333.0375
1777517455,10,,Aggregated,0.500000,0.000000,63,2100,5800,11000,25000,30000,32000,32000,32000,32000,32000,82,0,63,5658.884184150005,16.538600000785664,32211.884700023802,333.3414634146341
1777517456,10,,Aggregated,0.500000,0.000000,63,2100,5800,11000,25000,30000,32000,32000,32000,32000,32000,83,0,63,5591.125857835027,16.538600000785664,32211.884700023802,330.2168674698795
1777517457,10,,Aggregated,0.600000,0.000000,63,2100,5700,11000,25000,30000,32000,32000,32000,32000,32000,85,0,63,5485.59955294511,16.538600000785664,32211.884700023802,331.0
1777517458,10,,Aggregated,0.600000,0.000000,63,2100,5700,11000,25000,30000,32000,32000,32000,32000,32000,85,0,63,5485.59955294511,16.538600000785664,32211.884700023802,331.0
1777517459,10,,Aggregated,0.600000,0.000000,63,2100,5700,11000,25000,30000,32000,32000,32000,32000,32000,85,0,63,5485.59955294511,16.538600000785664,32211.884700023802,331.0
1777517460,10,,Aggregated,0.800000,0.000000,64,2100,5800,11000,28000,30000,32000,32000,32000,32000,32000,86,0,63,5749.420252329464,16.538600000785664,32211.884700023802,332.40697674418607
1777517461,10,,Aggregated,0.800000,0.000000,64,2100,5800,11000,28000,30000,32000,32000,32000,32000,32000,86,0,63,5749.420252329464,16.538600000785664,32211.884700023802,332.40697674418607
1777517462,10,,Aggregated,1.000000,0.000000,64,2100,8000,12000,30000,30000,32000,32000,32000,32000,32000,87,0,64,6055.719787359971,16.538600000785664,32397.479799983557,334.0919540229885
1777517463,10,,Aggregated,1.000000,0.000000,64,2100,8000,12000,30000,30000,32000,32000,32000,32000,32000,87,0,64,6055.719787359971,16.538600000785664,32397.479799983557,334.0919540229885
1777517464,10,,Aggregated,0.900000,0.000000,72,2100,11000,12000,30000,30000,32000,32000,32000,32000,32000,88,0,64,6330.333078412712,16.538600000785664,32397.479799983557,334.47727272727275
1777517465,10,,Aggregated,0.900000,0.000000,72,2100,8000,12000,30000,30000,32000,32000,32000,32000,32000,89,0,72,6282.820820228296,16.538600000785664,32397.479799983557,334.8988764044944
1777517466,10,,Aggregated,0.800000,0.000000,72,2100,8000,12000,30000,30000,32000,32000,32000,32000,32000,90,0,71,6213.798991114729,16.538600000785664,32397.479799983557,334.9
1777517467,10,,Aggregated,0.800000,0.000000,72,2100,8000,12000,30000,30000,32000,32000,32000,32000,32000,90,0,71,6213.798991114729,16.538600000785664,32397.479799983557,334.9
1777517468,10,,Aggregated,0.800000,0.000000,72,2100,8000,12000,30000,30000,32000,32000,32000,32000,32000,90,0,71,6213.798991114729,16.538600000785664,32397.479799983557,334.9
1777517469,10,,Aggregated,0.800000,0.000000,72,2100,8000,12000,30000,30000,32000,32000,32000,32000,32000,90,0,71,6213.798991114729,16.538600000785664,32397.479799983557,334.9
1777517470,10,,Aggregated,0.600000,0.000000,72,2100,8000,12000,30000,30000,32000,32000,32000,32000,32000,91,0,72,6169.355915387923,16.538600000785664,32397.479799983557,335.3076923076923
1777517471,10,,Aggregated,0.500000,0.000000,74,2100,11000,12000,30000,30000,32000,32000,32000,32000,32000,92,0,72,6421.813598916228,16.538600000785664,32397.479799983557,336.55434782608694
1777517472,10,,Aggregated,0.500000,0.000000,74,2100,11000,12000,30000,30000,32000,32000,32000,32000,32000,92,0,72,6421.813598916228,16.538600000785664,32397.479799983557,336.55434782608694
1777517473,10,,Aggregated,0.500000,0.000000,74,2100,11000,12000,30000,30000,32000,32000,32000,32000,32000,92,0,72,6421.813598916228,16.538600000785664,32397.479799983557,336.55434782608694
1777517474,10,,Aggregated,0.500000,0.000000,74,2100,11000,12000,30000,30000,32000,32000,32000,32000,32000,92,0,72,6421.813598916228,16.538600000785664,32397.479799983557,336.55434782608694
1777517475,10,,Aggregated,0.500000,0.000000,74,2100,11000,14000,30000,30000,32000,32000,32000,32000,32000,93,0,74,6680.829153766403,16.538600000785664,32397.479799983557,337.63440860215053
1777517476,10,,Aggregated,0.500000,0.000000,74,2100,11000,14000,30000,30000,32000,32000,32000,32000,32000,93,0,74,6680.829153766403,16.538600000785664,32397.479799983557,337.63440860215053
1777517477,10,,Aggregated,0.300000,0.000000,74,2100,11000,16000,30000,30000,32000,32000,32000,32000,32000,95,0,74,6858.447216845142,16.538600000785664,32397.479799983557,337.7894736842105
1777517478,10,,Aggregated,0.300000,0.000000,74,2100,11000,16000,30000,30000,32000,32000,32000,32000,32000,95,0,74,6858.447216845142,16.538600000785664,32397.479799983557,337.7894736842105
1777517479,10,,Aggregated,0.300000,0.000000,74,2100,11000,14000,30000,30000,32000,32000,32000,32000,32000,96,0,74,6787.778957294601,16.538600000785664,32397.479799983557,337.7604166666667
1777517480,10,,Aggregated,0.500000,0.000000,74,2100,11000,14000,30000,30000,32000,32000,32000,32000,32000,97,0,74,6718.548970105854,16.538600000785664,32397.479799983557,337.7319587628866
1777517481,10,,Aggregated,0.500000,0.000000,74,2100,11000,14000,30000,30000,32000,32000,32000,32000,32000,98,0,72,6650.597089798515,16.538600000785664,32397.479799983557,337.7040816326531
1777517482,10,,Aggregated,0.500000,0.000000,74,2100,11000,14000,30000,30000,32000,32000,32000,32000,32000,99,0,74,6604.5590909118555,16.538600000785664,32397.479799983557,338.050505050505
1777517483,10,,Aggregated,0.500000,0.000000,74,2100,11000,14000,30000,30000,32000,32000,32000,32000,32000,99,0,74,6604.5590909118555,16.538600000785664,32397.479799983557,338.050505050505
1777517484,10,,Aggregated,0.500000,0.000000,74,2100,11000,14000,30000,30000,32000,32000,32000,32000,32000,99,0,74,6604.5590909118555,16.538600000785664,32397.479799983557,338.050505050505
1777517485,10,,Aggregated,0.700000,0.000000,74,2100,11000,16000,30000,30000,32000,32000,32000,32000,32000,100,0,74,6822.833212002588,16.538600000785664,32397.479799983557,339.16
1777517486,10,,Aggregated,0.700000,0.000000,74,2100,11000,16000,30000,30000,32000,32000,32000,32000,32000,100,0,74,6822.833212002588,16.538600000785664,32397.479799983557,339.16
1777517487,10,,Aggregated,0.700000,0.000000,74,2100,11000,16000,30000,30000,32000,32000,32000,32000,32000,100,0,74,6822.833212002588,16.538600000785664,32397.479799983557,339.16
1777517488,10,,Aggregated,0.700000,0.000000,74,2100,11000,16000,30000,30000,32000,32000,32000,32000,32000,100,0,74,6822.833212002588,16.538600000785664,32397.479799983557,339.16
1777517489,10,,Aggregated,0.700000,0.000000,77,2100,11000,16000,30000,30000,32000,32000,32000,32000,32000,102,0,74,7008.474963728006,16.538600000785664,32397.479799983557,340.5686274509804
1777517490,10,,Aggregated,0.500000,0.000000,74,2100,11000,16000,30000,30000,32000,32000,32000,32000,32000,103,0,74,6940.700088351857,16.538600000785664,32397.479799983557,337.9805825242718
1777517491,10,,Aggregated,0.500000,0.000000,74,2100,11000,16000,30000,30000,32000,32000,32000,32000,32000,104,0,74,6874.212646156173,16.538600000785664,32397.479799983557,335.4423076923077
1777517492,10,,Aggregated,0.500000,0.000000,74,2100,11000,16000,30000,30000,32000,32000,32000,32000,32000,105,0,74,7096.60892762144,16.538600000785664,32397.479799983557,336.55238095238093
1777517493,10,,Aggregated,0.500000,0.000000,74,2100,11000,16000,30000,30000,32000,32000,32000,32000,32000,105,0,74,7096.60892762144,16.538600000785664,32397.479799983557,336.55238095238093
1777517494,10,,Aggregated,0.500000,0.000000,74,2100,11000,16000,30000,30000,32000,32000,32000,32000,32000,105,0,74,7096.60892762144,16.538600000785664,32397.479799983557,336.55238095238093
1777517495,10,,Aggregated,0.500000,0.000000,74,2100,11000,16000,30000,30000,32000,32000,32000,32000,32000,105,0,74,7096.60892762144,16.538600000785664,32397.479799983557,336.55238095238093
1777517496,10,,Aggregated,0.500000,0.000000,74,2100,11000,16000,30000,30000,32000,32000,32000,32000,32000,105,0,74,7096.60892762144,16.538600000785664,32397.479799983557,336.55238095238093
1777517497,10,,Aggregated,0.500000,0.000000,77,2100,11000,16000,30000,30000,32000,32000,32000,32000,32000,106,0,74,7314.617450002533,16.538600000785664,32397.479799983557,337.4811320754717
1777517498,10,,Aggregated,0.500000,0.000000,77,2100,11000,16000,30000,30000,32000,32000,32000,32000,32000,106,0,74,7314.617450002533,16.538600000785664,32397.479799983557,337.4811320754717
1777517499,10,,Aggregated,0.500000,0.000000,74,2100,11000,16000,30000,30000,32000,32000,32000,32000,32000,107,0,74,7246.818126170574,16.538600000785664,32397.479799983557,337.4579439252336
1777517500,10,,Aggregated,0.600000,0.000000,74,2100,11000,16000,30000,30000,32000,32000,32000,32000,32000,109,0,74,7133.518348626073,16.538600000785664,32397.479799983557,337.7522935779817
1777517501,10,,Aggregated,0.600000,0.000000,74,2100,11000,16000,30000,30000,32000,32000,32000,32000,32000,109,0,74,7133.518348626073,16.538600000785664,32397.479799983557,337.7522935779817
1777517502,10,,Aggregated,0.500000,0.000000,74,2100,11000,16000,30000,30000,32000,32000,32000,32000,32000,111,0,74,7277.626170272318,16.538600000785664,32397.479799983557,338.0
1777517503,10,,Aggregated,0.500000,0.000000,74,2100,11000,16000,30000,30000,32000,32000,32000,32000,32000,111,0,74,7277.626170272318,16.538600000785664,32397.479799983557,338.0
1777517504,10,,Aggregated,0.400000,0.000000,74,2100,11000,16000,30000,30000,32000,32000,32000,32000,32000,113,0,74,7149.719230090196,16.538600000785664,32397.479799983557,335.6371681415929
1777517505,10,,Aggregated,0.600000,0.000000,74,2100,11000,19000,30000,30000,32000,32000,32000,32000,32000,114,0,74,7370.637440352686,16.538600000785664,32397.479799983557,337.0438596491228
1777517506,10,,Aggregated,0.600000,0.000000,74,2100,11000,19000,30000,30000,32000,32000,32000,32000,32000,114,0,74,7370.637440352686,16.538600000785664,32397.479799983557,337.0438596491228
1777517508,10,,Aggregated,0.600000,0.000000,74,2100,11000,19000,30000,30000,32000,32000,32000,32000,32000,114,0,74,7370.637440352686,16.538600000785664,32397.479799983557,337.0438596491228
1777517509,10,,Aggregated,0.900000,0.000000,77,2100,12000,19000,30000,31000,32000,32000,32000,32000,32000,116,0,74,7540.5562215535865,16.538600000785664,32397.479799983557,337.3965517241379
1777517510,10,,Aggregated,0.900000,0.000000,77,2100,12000,22000,30000,31000,32000,32000,32000,32000,32000,117,0,77,7734.76952136943,16.538600000785664,32397.479799983557,338.2735042735043
1777517511,10,,Aggregated,0.800000,0.000000,77,2100,12000,22000,30000,31000,32000,32000,32000,32000,32000,118,0,74,7669.681260171366,16.538600000785664,32397.479799983557,338.2457627118644
1777517512,10,,Aggregated,1.000000,0.000000,74,2100,12000,22000,30000,31000,32000,32000,32000,32000,32000,119,0,74,7605.474016808674,16.538600000785664,32397.479799983557,336.02521008403363
1777517513,10,,Aggregated,1.000000,0.000000,74,2100,12000,22000,30000,31000,32000,32000,32000,32000,32000,120,0,74,7542.389275835255,16.538600000785664,32397.479799983557,333.84166666666664
1777517514,10,,Aggregated,0.900000,0.000000,74,2100,12000,22000,30000,30000,32000,32000,32000,32000,32000,122,0,74,7668.037478690376,16.538600000785664,32397.479799983557,334.672131147541
1777517515,10,,Aggregated,1.000000,0.000000,74,2100,12000,22000,30000,30000,32000,32000,32000,32000,32000,123,0,74,7606.196900001988,16.538600000785664,32397.479799983557,334.6747967479675
1777517516,10,,Aggregated,1.000000,0.000000,74,2100,12000,22000,30000,30000,32000,32000,32000,32000,32000,123,0,74,7606.196900001988,16.538600000785664,32397.479799983557,334.6747967479675
1777517517,10,,Aggregated,1.100000,0.000000,74,2100,12000,25000,30000,30000,32000,32000,32000,32000,32000,125,0,74,7726.806237601908,16.538600000785664,32397.479799983557,335.688
1777517518,10,,Aggregated,1.100000,0.000000,74,2100,12000,25000,30000,30000,32000,32000,32000,32000,32000,125,0,74,7726.806237601908,16.538600000785664,32397.479799983557,335.688
1777517519,10,,Aggregated,0.900000,0.000000,74,2100,12000,22000,30000,30000,32000,32000,32000,32000,32000,127,0,74,7622.050614174827,16.538600000785664,32397.479799983557,335.9763779527559
1777517520,10,,Aggregated,1.100000,0.000000,74,2100,12000,22000,30000,30000,32000,32000,32000,32000,32000,128,0,72,7562.794240626545,16.538600000785664,32397.479799983557,333.9296875
1777517521,10,,Aggregated,1.100000,0.000000,72,2100,11000,22000,30000,30000,32000,32000,32000,32000,32000,129,0,72,7504.639458916125,16.538600000785664,32397.479799983557,333.93798449612405
1777517522,10,,Aggregated,1.100000,0.000000,74,2100,12000,22000,30000,30000,32000,32000,32000,32000,32000,132,0,72,7566.384240153032,16.538600000785664,32397.479799983557,332.3712121212121
1777517523,10,,Aggregated,1.100000,0.000000,74,2100,12000,22000,30000,30000,32000,32000,32000,32000,32000,132,0,72,7566.384240153032,16.538600000785664,32397.479799983557,332.3712121212121
1777517524,10,,Aggregated,1.100000,0.000000,74,2100,12000,25000,30000,30000,32000,32000,32000,32000,32000,135,0,74,7637.5698466683925,16.538600000785664,32397.479799983557,333.5777777777778
1777517525,10,,Aggregated,1.200000,0.000000,74,2100,12000,22000,30000,30000,32000,32000,32000,32000,32000,136,0,72,7581.807224266359,16.538600000785664,32397.479799983557,333.6470588235294
1777517526,10,,Aggregated,1.200000,0.000000,74,2100,12000,22000,30000,30000,32000,32000,32000,32000,32000,136,0,72,7581.807224266359,16.538600000785664,32397.479799983557,333.6470588235294
1777517527,10,,Aggregated,1.200000,0.000000,74,2100,12000,22000,30000,30000,32000,32000,32000,32000,32000,136,0,72,7581.807224266359,16.538600000785664,32397.479799983557,333.6470588235294
1777517528,10,,Aggregated,1.300000,0.000000,74,2100,12000,22000,30000,30000,32000,32000,32000,32000,32000,137,0,74,7689.2496744541695,16.538600000785664,32397.479799983557,334.4963503649635
1777517529,10,,Aggregated,1.300000,0.000000,74,2100,12000,22000,30000,30000,32000,32000,32000,32000,32000,137,0,74,7689.2496744541695,16.538600000785664,32397.479799983557,334.4963503649635
1777517530,10,,Aggregated,1.100000,0.000000,74,2100,12000,23000,30000,30000,32000,32000,32000,32000,32000,139,0,74,7747.173696404395,16.538600000785664,32397.479799983557,335.3093525179856
1777517531,10,,Aggregated,1.100000,0.000000,74,2100,12000,23000,30000,30000,32000,32000,32000,32000,32000,140,0,72,7692.02483643021,16.538600000785664,32397.479799983557,333.4428571428571
1777517532,10,,Aggregated,1.100000,0.000000,74,2100,12000,23000,30000,30000,32000,32000,32000,32000,32000,140,0,72,7692.02483643021,16.538600000785664,32397.479799983557,333.4428571428571
1777517533,10,,Aggregated,1.100000,0.000000,74,2100,12000,22000,30000,30000,32000,32000,32000,32000,32000,142,0,72,7707.5271521142395,16.538600000785664,32397.479799983557,334.1830985915493
1777517534,10,,Aggregated,1.100000,0.000000,74,2100,12000,22000,30000,30000,32000,32000,32000,32000,32000,144,0,72,7614.986800001538,16.538600000785664,32397.479799983557,332.6458333333333
1777517535,10,,Aggregated,0.800000,0.000000,74,2100,12000,22000,30000,30000,32000,32000,32000,32000,32000,146,0,72,7525.060958220633,16.538600000785664,32397.479799983557,332.93835616438355
1777517536,10,,Aggregated,0.900000,0.000000,74,2100,12000,22000,30000,30000,32000,32000,32000,32000,32000,148,0,72,7545.32357229874,16.538600000785664,32397.479799983557,333.64864864864865
1777517537,10,,Aggregated,1.100000,0.000000,72,2100,12000,22000,30000,30000,32000,32000,32000,32000,32000,149,0,72,7494.872714766503,16.538600000785664,32397.479799983557,331.90604026845637
1777517538,10,,Aggregated,1.000000,0.000000,74,2100,12000,22000,30000,30000,32000,32000,32000,32000,32000,150,0,72,7458.633754668214,16.538600000785664,32397.479799983557,332.17333333333335
1777517539,10,,Aggregated,1.000000,0.000000,74,2100,12000,22000,30000,30000,32000,32000,32000,32000,32000,150,0,72,7458.633754668214,16.538600000785664,32397.479799983557,332.17333333333335
1777517540,10,,Aggregated,1.200000,0.000000,74,2100,12000,19000,30000,30000,32000,32000,32000,32000,32000,151,0,74,7523.920862915438,16.538600000785664,32397.479799983557,332.8675496688742
1777517541,10,,Aggregated,1.300000,0.000000,74,2100,12000,19000,30000,30000,32000,32000,32000,32000,32000,152,0,74,7487.980723027776,16.538600000785664,32397.479799983557,333.25657894736844
1777517542,10,,Aggregated,1.300000,0.000000,74,2100,12000,19000,30000,30000,32000,32000,32000,32000,32000,152,0,74,7487.980723027776,16.538600000785664,32397.479799983557,333.25657894736844
1777517543,10,,Aggregated,1.100000,0.000000,74,2100,12000,19000,30000,30000,32000,32000,32000,32000,32000,153,0,74,7557.145066014521,16.538600000785664,32397.479799983557,334.01307189542484
1777517544,10,,Aggregated,1.100000,0.000000,74,2100,12000,19000,30000,30000,32000,32000,32000,32000,32000,153,0,74,7557.145066014521,16.538600000785664,32397.479799983557,334.01307189542484
1777517545,10,,Aggregated,1.100000,0.000000,74,2100,12000,19000,30000,30000,32000,32000,32000,32000,32000,153,0,74,7557.145066014521,16.538600000785664,32397.479799983557,334.01307189542484
1777517546,10,,Aggregated,1.100000,0.000000,74,2100,12000,19000,30000,30000,32000,32000,32000,32000,32000,153,0,74,7557.145066014521,16.538600000785664,32397.479799983557,334.01307189542484
1777517547,10,,Aggregated,1.100000,0.000000,74,2100,12000,19000,30000,30000,32000,32000,32000,32000,32000,153,0,74,7557.145066014521,16.538600000785664,32397.479799983557,334.01307189542484
1777517548,10,,Aggregated,0.700000,0.000000,77,2100,14000,21000,30000,30000,32000,32000,32000,32000,32000,154,0,74,7643.141994806719,16.538600000785664,32397.479799983557,334.7792207792208
1777517549,10,,Aggregated,0.700000,0.000000,74,2100,14000,21000,30000,30000,32000,32000,32000,32000,32000,155,0,74,7594.159548388674,16.538600000785664,32397.479799983557,334.7806451612903
1777517550,10,,Aggregated,0.700000,0.000000,74,2100,14000,21000,30000,30000,32000,32000,32000,32000,32000,155,0,74,7594.159548388674,16.538600000785664,32397.479799983557,334.7806451612903
1777517551,10,,Aggregated,0.500000,0.000000,74,2100,14000,21000,30000,30000,32000,32000,32000,32000,32000,157,0,74,7628.4021203836965,16.538600000785664,32397.479799983557,335.4203821656051
1777517552,10,,Aggregated,0.500000,0.000000,74,2100,14000,21000,30000,30000,32000,32000,32000,32000,32000,158,0,74,7580.418577849684,16.538600000785664,32397.479799983557,335.4177215189873
1777517553,10,,Aggregated,0.400000,0.000000,74,2100,14000,21000,30000,30000,32000,32000,32000,32000,32000,160,0,74,7499.144024376437,16.538600000785664,32397.479799983557,335.64375
1777517554,10,,Aggregated,0.400000,0.000000,74,2100,14000,21000,30000,30000,32000,32000,32000,32000,32000,160,0,74,7499.144024376437,16.538600000785664,32397.479799983557,335.64375
1777517555,10,,Aggregated,0.600000,0.000000,74,2100,12000,19000,30000,30000,32000,32000,32000,32000,32000,161,0,74,7452.939637889652,16.538600000785664,32397.479799983557,335.639751552795
1777517556,10,,Aggregated,0.800000,0.000000,74,2100,14000,21000,30000,30000,32000,32000,32000,32000,32000,162,0,74,7538.455934569356,16.538600000785664,32397.479799983557,336.3641975308642
1777517557,10,,Aggregated,0.800000,0.000000,74,2100,14000,21000,30000,30000,32000,32000,32000,32000,32000,163,0,74,7492.647503068966,16.538600000785664,32397.479799983557,336.3558282208589
1777517558,10,,Aggregated,0.800000,0.000000,74,2100,14000,21000,30000,30000,32000,32000,32000,32000,32000,163,0,74,7492.647503068966,16.538600000785664,32397.479799983557,336.3558282208589
1777517559,10,,Aggregated,0.800000,0.000000,74,2100,14000,21000,30000,30000,32000,32000,32000,32000,32000,163,0,74,7492.647503068966,16.538600000785664,32397.479799983557,336.3558282208589
1777517560,10,,Aggregated,0.900000,0.000000,74,2100,16000,21000,30000,30000,32000,32000,32000,32000,32000,164,0,74,7584.893816465011,16.538600000785664,32397.479799983557,336.9573170731707
1777517561,10,,Aggregated,0.900000,0.000000,74,2100,16000,21000,30000,30000,32000,32000,32000,32000,32000,164,0,74,7584.893816465011,16.538600000785664,32397.479799983557,336.9573170731707
1777517562,10,,Aggregated,0.800000,0.000000,74,2100,14000,21000,30000,30000,32000,32000,32000,32000,32000,166,0,74,7506.600375302663,16.538600000785664,32397.479799983557,337.1566265060241
1777517563,10,,Aggregated,0.800000,0.000000,74,2100,14000,21000,30000,30000,32000,32000,32000,32000,32000,167,0,74,7462.094388025413,16.538600000785664,32397.479799983557,337.2694610778443
1777517564,10,,Aggregated,0.800000,0.000000,74,2100,14000,21000,30000,30000,32000,32000,32000,32000,32000,167,0,74,7462.094388025413,16.538600000785664,32397.479799983557,337.2694610778443
1777517565,10,,Aggregated,0.700000,0.000000,74,2100,14000,21000,30000,30000,32000,32000,32000,32000,32000,168,0,74,7418.066836310963,16.538600000785664,32397.479799983557,337.2559523809524
1777517566,10,,Aggregated,0.700000,0.000000,74,2100,14000,21000,30000,30000,32000,32000,32000,32000,32000,169,0,74,7535.210791125565,16.538600000785664,32397.479799983557,337.91715976331363
1777517567,10,,Aggregated,0.700000,0.000000,74,2100,14000,21000,30000,30000,32000,32000,32000,32000,32000,169,0,74,7535.210791125565,16.538600000785664,32397.479799983557,337.91715976331363
1777517568,10,,Aggregated,0.700000,0.000000,74,2100,14000,21000,30000,30000,32000,32000,32000,32000,32000,169,0,74,7535.210791125565,16.538600000785664,32397.479799983557,337.91715976331363
1777517569,10,,Aggregated,0.700000,0.000000,74,2100,14000,21000,30000,30000,32000,32000,32000,32000,32000,169,0,74,7535.210791125565,16.538600000785664,32397.479799983557,337.91715976331363
1777517570,10,,Aggregated,0.700000,0.000000,74,2100,14000,21000,30000,30000,32000,32000,32000,32000,32000,169,0,74,7535.210791125565,16.538600000785664,32397.479799983557,337.91715976331363
1777517571,10,,Aggregated,0.600000,0.000000,74,2100,16000,21000,30000,30000,32000,32000,32000,32000,32000,170,0,74,7668.229682354243,16.538600000785664,32397.479799983557,337.97058823529414
1777517572,10,,Aggregated,0.600000,0.000000,74,2100,16000,21000,30000,30000,32000,32000,32000,32000,32000,170,0,74,7668.229682354243,16.538600000785664,32397.479799983557,337.97058823529414
1777517573,10,,Aggregated,0.600000,0.000000,74,2100,16000,21000,30000,30000,32000,32000,32000,32000,32000,171,0,74,7635.600483042089,16.538600000785664,32397.479799983557,338.17543859649123
1777517574,10,,Aggregated,0.600000,0.000000,74,2100,16000,21000,30000,30000,32000,32000,32000,32000,32000,171,0,74,7635.600483042089,16.538600000785664,32397.479799983557,338.17543859649123
1777517575,10,,Aggregated,0.500000,0.000000,77,2100,16000,21000,30000,30000,32000,32000,32000,32000,32000,172,0,74,7766.558562210479,16.538600000785664,32397.479799983557,338.76162790697674
1777517576,10,,Aggregated,0.500000,0.000000,77,2100,16000,21000,30000,30000,32000,32000,32000,32000,32000,172,0,74,7766.558562210479,16.538600000785664,32397.479799983557,338.76162790697674
1777517577,10,,Aggregated,0.400000,0.000000,74,2100,16000,21000,30000,30000,32000,32000,32000,32000,32000,173,0,74,7721.969154914552,16.538600000785664,32397.479799983557,338.8612716763006
1777517578,10,,Aggregated,0.400000,0.000000,74,2100,16000,22000,30000,30000,32000,32000,32000,32000,32000,175,0,74,7818.569521143966,16.538600000785664,32397.479799983557,339.74285714285713
1777517579,10,,Aggregated,0.400000,0.000000,74,2100,16000,22000,30000,30000,32000,32000,32000,32000,32000,175,0,74,7818.569521143966,16.538600000785664,32397.479799983557,339.74285714285713
1777517580,10,,Aggregated,0.400000,0.000000,77,2100,17000,22000,30000,30000,32000,32000,32000,32000,32000,176,0,74,7957.107784660283,16.538600000785664,32397.479799983557,339.8806818181818
1777517581,10,,Aggregated,0.400000,0.000000,77,2100,17000,22000,30000,30000,32000,32000,32000,32000,32000,176,0,74,7957.107784660283,16.538600000785664,32397.479799983557,339.8806818181818
1777517582,10,,Aggregated,0.400000,0.000000,77,2100,17000,22000,30000,30000,32000,32000,32000,32000,32000,176,0,74,7957.107784660283,16.538600000785664,32397.479799983557,339.8806818181818
1777517583,10,,Aggregated,0.700000,0.000000,77,2100,17000,22000,30000,30000,32000,32000,32000,32000,32000,177,0,77,8083.047601131269,16.538600000785664,32397.479799983557,340.42937853107344
1777517584,10,,Aggregated,0.700000,0.000000,77,2100,17000,22000,30000,30000,32000,32000,32000,32000,32000,177,0,77,8083.047601131269,16.538600000785664,32397.479799983557,340.42937853107344
1777517585,10,,Aggregated,0.600000,0.000000,77,2100,17000,22000,30000,30000,32000,32000,32000,32000,32000,178,0,74,8037.951870787734,16.538600000785664,32397.479799983557,340.3988764044944
1777517586,10,,Aggregated,0.600000,0.000000,77,2100,18000,23000,30000,30000,32000,32000,32000,32000,32000,180,0,74,8115.56377666776,16.538600000785664,32397.479799983557,340.93888888888887
1777517587,10,,Aggregated,0.700000,0.000000,74,2100,17000,22000,30000,30000,32000,32000,32000,32000,32000,181,0,74,8071.076539780035,16.538600000785664,32397.479799983557,340.9060773480663
1777517588,10,,Aggregated,0.600000,0.000000,77,2100,17000,23000,30000,30000,32000,32000,32000,32000,32000,185,0,77,8083.0730356763725,16.538600000785664,32397.479799983557,341.9189189189189
1777517589,10,,Aggregated,0.700000,0.000000,77,2100,17000,22000,30000,30000,32000,32000,32000,32000,32000,186,0,74,8039.981718817901,16.538600000785664,32397.479799983557,341.8817204301075
1777517590,10,,Aggregated,0.700000,0.000000,74,2100,17000,22000,30000,30000,32000,32000,32000,32000,32000,188,0,74,7955.083509575219,16.538600000785664,32397.479799983557,341.81382978723406
1777517591,10,,Aggregated,1.000000,0.000000,74,2100,16000,22000,30000,30000,32000,32000,32000,32000,32000,190,0,74,7871.9808015796225,16.538600000785664,32397.479799983557,340.36842105263156
1777517592,10,,Aggregated,1.200000,0.000000,74,2100,16000,22000,30000,30000,32000,32000,32000,32000,32000,192,0,72,7790.624319271501,16.538600000785664,32397.479799983557,340.3125
1777517593,10,,Aggregated,1.200000,0.000000,74,2100,16000,22000,30000,30000,32000,32000,32000,32000,32000,192,0,72,7790.624319271501,16.538600000785664,32397.479799983557,340.3125
1777517594,10,,Aggregated,1.300000,0.000000,74,2100,16000,22000,30000,30000,32000,32000,32000,32000,32000,193,0,74,7750.678609327083,16.538600000785664,32397.479799983557,340.2849740932642
1777517595,10,,Aggregated,1.500000,0.000000,74,2100,16000,22000,30000,30000,32000,32000,32000,32000,32000,195,0,74,7820.323356410835,16.538600000785664,32397.479799983557,339.4102564102564
1777517596,10,,Aggregated,1.500000,0.000000,74,2100,16000,22000,30000,30000,32000,32000,32000,32000,32000,195,0,74,7820.323356410835,16.538600000785664,32397.479799983557,339.4102564102564
1777517597,10,,Aggregated,1.500000,0.000000,74,2100,17000,22000,30000,30000,32000,32000,32000,32000,32000,196,0,74,7934.549639286291,16.538600000785664,32397.479799983557,339.90816326530614
1777517598,10,,Aggregated,1.700000,0.000000,74,2100,16000,22000,30000,30000,32000,32000,32000,32000,32000,197,0,74,7894.563646701065,16.538600000785664,32397.479799983557,339.9238578680203
1777517599,10,,Aggregated,1.500000,0.000000,74,2100,16000,22000,30000,30000,32000,32000,32000,32000,32000,198,0,72,7854.994915152084,16.538600000785664,32397.479799983557,339.8989898989899
1777517600,10,,Aggregated,1.300000,0.000000,72,2100,16000,22000,30000,30000,32000,32000,32000,32000,32000,199,0,72,7815.88390753818,16.538600000785664,32397.479799983557,339.8743718592965
1777517601,10,,Aggregated,1.300000,0.000000,72,2100,16000,22000,30000,30000,32000,32000,32000,32000,32000,199,0,72,7815.88390753818,16.538600000785664,32397.479799983557,339.8743718592965
1777517602,10,,Aggregated,1.000000,0.000000,74,2100,17000,23000,30000,30000,32000,32000,32000,32000,32000,200,0,72,7927.825698000524,16.538600000785664,32397.479799983557,340.345
1777517603,10,,Aggregated,1.000000,0.000000,72,2100,16000,22000,30000,30000,32000,32000,32000,32000,32000,201,0,72,7888.727794527898,16.538600000785664,32397.479799983557,340.318407960199
1777517604,10,,Aggregated,1.000000,0.000000,72,2100,16000,22000,30000,30000,32000,32000,32000,32000,32000,201,0,72,7888.727794527898,16.538600000785664,32397.479799983557,340.318407960199
1777517605,10,,Aggregated,0.800000,0.000000,72,2100,16000,22000,30000,30000,32000,32000,32000,32000,32000,202,0,72,7849.895190099475,16.538600000785664,32397.479799983557,340.2920792079208
1777517607,10,,Aggregated,0.800000,0.000000,72,2100,16000,22000,30000,30000,32000,32000,32000,32000,32000,203,0,72,7811.508578325598,16.538600000785664,32397.479799983557,340.26600985221677
1777517608,10,,Aggregated,0.800000,0.000000,72,2100,16000,22000,30000,30000,32000,32000,32000,32000,32000,203,0,72,7811.508578325598,16.538600000785664,32397.479799983557,340.26600985221677
1777517609,10,,Aggregated,0.700000,0.000000,72,2100,16000,23000,30000,30000,32000,32000,32000,32000,32000,205,0,72,7874.715480488361,16.538600000785664,32397.479799983557,340.78536585365856
1777517610,10,,Aggregated,0.700000,0.000000,72,2100,16000,23000,30000,30000,32000,32000,32000,32000,32000,205,0,72,7874.715480488361,16.538600000785664,32397.479799983557,340.78536585365856
1777517611,10,,Aggregated,0.700000,0.000000,72,2100,16000,23000,30000,30000,32000,32000,32000,32000,32000,205,0,72,7874.715480488361,16.538600000785664,32397.479799983557,340.78536585365856
1777517612,10,,Aggregated,0.700000,0.000000,72,2100,16000,23000,30000,30000,32000,32000,32000,32000,32000,205,0,72,7874.715480488361,16.538600000785664,32397.479799983557,340.78536585365856
1777517613,10,,Aggregated,0.700000,0.000000,72,2100,17000,22000,30000,30000,32000,32000,32000,32000,32000,206,0,72,7938.778473301514,16.538600000785664,32397.479799983557,341.3252427184466
1777517614,10,,Aggregated,0.600000,0.000000,72,2100,18000,22000,30000,30000,32000,32000,32000,32000,32000,208,0,72,7969.558218269763,16.538600000785664,32397.479799983557,341.96153846153845
1777517615,10,,Aggregated,0.600000,0.000000,72,2100,18000,22000,30000,30000,32000,32000,32000,32000,32000,208,0,72,7969.558218269763,16.538600000785664,32397.479799983557,341.96153846153845
1777517616,10,,Aggregated,0.600000,0.000000,72,2100,17000,22000,30000,30000,32000,32000,32000,32000,32000,209,0,72,7931.607399043503,16.538600000785664,32397.479799983557,340.6794258373206
1777517617,10,,Aggregated,0.600000,0.000000,72,2100,17000,22000,30000,30000,32000,32000,32000,32000,32000,210,0,72,7894.194492857649,16.538600000785664,32397.479799983557,340.65238095238095
1777517618,10,,Aggregated,0.700000,0.000000,72,2100,17000,22000,30000,30000,32000,32000,32000,32000,32000,211,0,72,7856.952918009966,16.538600000785664,32397.479799983557,339.38862559241704
1777517619,10,,Aggregated,0.700000,0.000000,72,2100,18000,22000,30000,30000,32000,32000,32000,32000,32000,212,0,72,7937.913021226913,16.538600000785664,32397.479799983557,339.91037735849056
1777517620,10,,Aggregated,0.700000,0.000000,72,2100,17000,22000,30000,30000,32000,32000,32000,32000,32000,213,0,72,7900.924758685992,16.538600000785664,32397.479799983557,339.88732394366195
1777517621,10,,Aggregated,0.700000,0.000000,72,2100,17000,22000,30000,30000,32000,32000,32000,32000,32000,213,0,72,7900.924758685992,16.538600000785664,32397.479799983557,339.88732394366195
1777517622,10,,Aggregated,0.600000,0.000000,72,2100,18000,23000,30000,30000,32000,32000,32000,32000,32000,215,0,72,7940.987215814489,16.538600000785664,32397.479799983557,340.4046511627907
1777517623,10,,Aggregated,0.600000,0.000000,72,2100,18000,23000,30000,30000,32000,32000,32000,32000,32000,215,0,72,7940.987215814489,16.538600000785664,32397.479799983557,340.4046511627907
1777517624,10,,Aggregated,0.800000,0.000000,72,2100,18000,23000,30000,30000,32000,32000,32000,32000,32000,216,0,72,8026.4501847226775,16.538600000785664,32397.479799983557,340.8796296296296
1777517625,10,,Aggregated,1.000000,0.000000,72,2100,18000,23000,30000,30000,32000,32000,32000,32000,32000,217,0,72,7999.093719816167,16.538600000785664,32397.479799983557,341.02764976958525
1777517626,10,,Aggregated,1.000000,0.000000,72,2100,18000,23000,30000,30000,32000,32000,32000,32000,32000,217,0,72,7999.093719816167,16.538600000785664,32397.479799983557,341.02764976958525
1777517627,10,,Aggregated,1.000000,0.000000,72,2100,18000,23000,30000,30000,32000,32000,32000,32000,32000,217,0,72,7999.093719816167,16.538600000785664,32397.479799983557,341.02764976958525
1777517628,10,,Aggregated,1.000000,0.000000,72,2100,18000,23000,30000,30000,32000,32000,32000,32000,32000,217,0,72,7999.093719816167,16.538600000785664,32397.479799983557,341.02764976958525
1777517629,10,,Aggregated,0.800000,0.000000,74,2100,18000,23000,30000,30000,32000,32000,32000,32000,32000,218,0,72,8082.623930275628,16.538600000785664,32397.479799983557,341.45871559633025
1777517630,10,,Aggregated,0.800000,0.000000,74,2100,18000,23000,30000,30000,32000,32000,32000,32000,32000,218,0,72,8082.623930275628,16.538600000785664,32397.479799983557,341.45871559633025
1777517631,10,,Aggregated,0.800000,0.000000,74,2100,18000,23000,30000,30000,32000,32000,32000,32000,32000,218,0,72,8082.623930275628,16.538600000785664,32397.479799983557,341.45871559633025
1777517632,10,,Aggregated,0.800000,0.000000,74,2100,18000,23000,30000,30000,32000,32000,32000,32000,32000,218,0,72,8082.623930275628,16.538600000785664,32397.479799983557,341.45871559633025
1777517633,10,,Aggregated,0.800000,0.000000,74,2100,18000,23000,30000,30000,32000,32000,32000,32000,32000,218,0,72,8082.623930275628,16.538600000785664,32397.479799983557,341.45871559633025
1777517634,10,,Aggregated,0.500000,0.000000,74,2100,18000,24000,30000,30000,32000,32000,32000,32000,32000,220,0,74,8160.560643182147,16.538600000785664,32397.479799983557,341.70454545454544
1777517635,10,,Aggregated,0.500000,0.000000,74,2100,18000,24000,30000,30000,32000,32000,32000,32000,32000,220,0,74,8160.560643182147,16.538600000785664,32397.479799983557,341.70454545454544
1777517636,10,,Aggregated,0.300000,0.000000,74,2100,18000,24000,30000,30000,32000,32000,32000,32000,32000,221,0,74,8269.26585429899,16.538600000785664,32397.479799983557,341.71945701357464
1777517637,10,,Aggregated,0.300000,0.000000,74,2100,18000,24000,30000,30000,32000,32000,32000,32000,32000,221,0,74,8269.26585429899,16.538600000785664,32397.479799983557,341.71945701357464
1777517638,10,,Aggregated,0.300000,0.000000,74,2100,18000,24000,30000,30000,32000,32000,32000,32000,32000,221,0,74,8269.26585429899,16.538600000785664,32397.479799983557,341.71945701357464
1777517639,10,,Aggregated,0.400000,0.000000,74,2100,19000,25000,30000,30000,32000,32000,32000,32000,32000,222,0,74,8365.392677027361,16.538600000785664,32397.479799983557,342.1621621621622
1777517640,10,,Aggregated,0.400000,0.000000,74,2100,19000,25000,30000,30000,32000,32000,32000,32000,32000,223,0,74,8328.084565919664,16.538600000785664,32397.479799983557,342.2242152466368
1777517641,10,,Aggregated,0.400000,0.000000,74,2100,21000,25000,30000,30000,32000,32000,32000,32000,32000,224,0,74,8425.659568304061,16.538600000785664,32397.479799983557,342.63839285714283
1777517642,10,,Aggregated,0.300000,0.000000,74,2100,19000,25000,30000,30000,32000,32000,32000,32000,32000,227,0,74,8323.750494273521,16.538600000785664,32397.479799983557,341.55066079295153
1777517643,10,,Aggregated,0.600000,0.000000,74,2100,18000,25000,30000,30000,32000,32000,32000,32000,32000,229,0,74,8251.48309083014,16.538600000785664,32397.479799983557,341.49781659388645
1777517644,10,,Aggregated,0.600000,0.000000,74,2100,18000,25000,30000,30000,32000,32000,32000,32000,32000,229,0,74,8251.48309083014,16.538600000785664,32397.479799983557,341.49781659388645
1777517645,10,,Aggregated,0.900000,0.000000,72,2100,18000,24000,30000,30000,32000,32000,32000,32000,32000,231,0,72,8180.449720346863,16.538600000785664,32397.479799983557,341.4415584415584
1777517646,10,,Aggregated,1.000000,0.000000,74,2100,19000,25000,30000,30000,32000,32000,32000,32000,32000,232,0,72,8257.719709052315,16.538600000785664,32397.479799983557,341.9094827586207
1777517647,10,,Aggregated,1.100000,0.000000,72,2100,18000,25000,30000,30000,32000,32000,32000,32000,32000,235,0,72,8152.919389362362,16.538600000785664,32397.479799983557,341.8212765957447
1777517648,10,,Aggregated,1.100000,0.000000,72,2100,18000,24000,30000,30000,32000,32000,32000,32000,32000,238,0,72,8059.204052101641,16.538600000785664,32397.479799983557,341.890756302521
1777517649,10,,Aggregated,1.300000,0.000000,72,2100,18000,24000,30000,30000,32000,32000,32000,32000,32000,240,0,72,8000.990671667387,16.538600000785664,32397.479799983557,341.9875
1777517650,10,,Aggregated,1.600000,0.000000,72,2100,18000,24000,30000,30000,32000,32000,32000,32000,32000,243,0,72,8023.699667490396,16.538600000785664,32397.479799983557,342.52263374485597
1777517651,10,,Aggregated,1.600000,0.000000,72,2100,18000,24000,30000,30000,32000,32000,32000,32000,32000,243,0,72,8023.699667490396,16.538600000785664,32397.479799983557,342.52263374485597
1777517652,10,,Aggregated,1.800000,0.000000,72,2100,18000,24000,30000,30000,32000,32000,32000,32000,32000,244,0,72,7991.0906930334795,16.538600000785664,32397.479799983557,342.4918032786885
1777517653,10,,Aggregated,2.000000,0.000000,72,2100,18000,25000,30000,30000,32000,32000,32000,32000,32000,245,0,72,8081.748272653678,16.538600000785664,32397.479799983557,342.9387755102041
1777517654,10,,Aggregated,1.700000,0.000000,72,2100,18000,24000,30000,30000,32000,32000,32000,32000,32000,246,0,72,8049.157691870559,16.538600000785664,32397.479799983557,342.9065040650407
1777517655,10,,Aggregated,1.700000,0.000000,72,2100,18000,25000,30000,30000,32000,32000,32000,32000,32000,248,0,72,8106.167064516828,16.538600000785664,32397.479799983557,342.2016129032258
1777517656,10,,Aggregated,1.700000,0.000000,72,2100,18000,25000,30000,30000,32000,32000,32000,32000,32000,248,0,72,8106.167064516828,16.538600000785664,32397.479799983557,342.2016129032258
1777517657,10,,Aggregated,1.600000,0.000000,72,2100,18000,25000,30000,30000,32000,32000,32000,32000,32000,250,0,72,8041.709241600707,16.538600000785664,32397.479799983557,341.1
1777517658,10,,Aggregated,1.500000,0.000000,72,2100,18000,25000,30000,30000,32000,32000,32000,32000,32000,251,0,72,8120.690472510646,16.538600000785664,32397.479799983557,341.47410358565736
1777517659,10,,Aggregated,1.600000,0.000000,72,2100,18000,25000,30000,30000,32000,32000,32000,32000,32000,254,0,72,8025.67061574868,16.538600000785664,32397.479799983557,341.3976377952756
1777517660,10,,Aggregated,1.400000,0.000000,72,2100,18000,24000,30000,30000,32000,32000,32000,32000,32000,257,0,72,7969.95819844421,16.538600000785664,32397.479799983557,341.7081712062257
1777517661,10,,Aggregated,1.500000,0.000000,72,2100,18000,24000,30000,30000,32000,32000,32000,32000,32000,260,0,72,7878.676609231423,16.538600000785664,32397.479799983557,341.66153846153844
1777517662,10,,Aggregated,1.400000,0.000000,72,2100,17000,23000,30000,30000,32000,32000,32000,32000,32000,263,0,72,7797.291442205994,16.538600000785664,32397.479799983557,341.8022813688213
1777517663,10,,Aggregated,1.600000,0.000000,72,2100,16000,23000,30000,30000,32000,32000,32000,32000,32000,265,0,72,7746.710358868586,16.538600000785664,32397.479799983557,341.8943396226415
1777517664,10,,Aggregated,1.600000,0.000000,72,2100,16000,23000,30000,30000,32000,32000,32000,32000,32000,268,0,72,7660.64647537382,16.538600000785664,32397.479799983557,341.8955223880597
1777517665,10,,Aggregated,1.600000,0.000000,72,2100,16000,23000,30000,30000,32000,32000,32000,32000,32000,268,0,72,7660.64647537382,16.538600000785664,32397.479799983557,341.8955223880597
1777517666,10,,Aggregated,1.900000,0.000000,72,2100,16000,22000,30000,30000,32000,32000,32000,32000,32000,271,0,72,7633.916580812435,16.538600000785664,32397.479799983557,342.23985239852396
1777517667,10,,Aggregated,1.900000,0.000000,72,2100,16000,22000,30000,30000,32000,32000,32000,32000,32000,271,0,72,7633.916580812435,16.538600000785664,32397.479799983557,342.23985239852396
1777517668,10,,Aggregated,1.900000,0.000000,72,2100,16000,22000,30000,30000,32000,32000,32000,32000,32000,271,0,72,7633.916580812435,16.538600000785664,32397.479799983557,342.23985239852396
1777517669,10,,Aggregated,1.900000,0.000000,72,2100,16000,22000,30000,30000,32000,32000,32000,32000,32000,271,0,72,7633.916580812435,16.538600000785664,32397.479799983557,342.23985239852396
1777517670,10,,Aggregated,1.900000,0.000000,72,2100,16000,22000,30000,30000,32000,32000,32000,32000,32000,271,0,72,7633.916580812435,16.538600000785664,32397.479799983557,342.23985239852396
1777517671,10,,Aggregated,1.900000,0.000000,72,2100,16000,22000,30000,30000,32000,32000,32000,32000,32000,271,0,72,7633.916580812435,16.538600000785664,32397.479799983557,342.23985239852396
1777517672,10,,Aggregated,1.500000,0.000000,72,2100,16000,22000,30000,30000,32000,32000,32000,32000,32000,272,0,72,7683.035154044774,16.538600000785664,32397.479799983557,342.5882352941176
1777517673,10,,Aggregated,1.500000,0.000000,72,2100,16000,22000,30000,30000,32000,32000,32000,32000,32000,272,0,72,7683.035154044774,16.538600000785664,32397.479799983557,342.5882352941176
1777517674,10,,Aggregated,1.100000,0.000000,72,2100,16000,22000,30000,30000,32000,32000,32000,32000,32000,273,0,72,7736.360173627023,16.538600000785664,32397.479799983557,342.967032967033
1777517675,10,,Aggregated,1.100000,0.000000,72,2100,16000,22000,30000,30000,32000,32000,32000,32000,32000,273,0,72,7736.360173627023,16.538600000785664,32397.479799983557,342.967032967033
1777517676,10,,Aggregated,0.700000,0.000000,72,2100,16000,22000,30000,30000,32000,32000,32000,32000,32000,274,0,72,7709.355825913074,16.538600000785664,32397.479799983557,342.9379562043796
1777517677,10,,Aggregated,0.500000,0.000000,72,2100,16000,22000,30000,30000,32000,32000,32000,32000,32000,277,0,72,7641.917299278568,16.538600000785664,32397.479799983557,342.18050541516243
1777517679,10,,Aggregated,0.300000,0.000000,72,2100,16000,22000,30000,30000,32000,32000,32000,32000,32000,278,0,72,7616.877548202075,16.538600000785664,32397.479799983557,342.1546762589928
1777517680,10,,Aggregated,0.300000,0.000000,72,2100,16000,22000,30000,30000,32000,32000,32000,32000,32000,278,0,72,7616.877548202075,16.538600000785664,32397.479799983557,342.1546762589928
1777517681,10,,Aggregated,0.300000,0.000000,72,2100,16000,22000,30000,30000,32000,32000,32000,32000,32000,278,0,72,7616.877548202075,16.538600000785664,32397.479799983557,342.1546762589928
1777517682,10,,Aggregated,0.300000,0.000000,72,2100,16000,22000,30000,30000,32000,32000,32000,32000,32000,278,0,72,7616.877548202075,16.538600000785664,32397.479799983557,342.1546762589928
1777517683,10,,Aggregated,0.700000,0.000000,72,2100,16000,22000,30000,30000,32000,32000,32000,32000,32000,279,0,72,7674.06744552037,16.538600000785664,32397.479799983557,342.4910394265233
1777517684,10,,Aggregated,0.700000,0.000000,72,2100,16000,22000,30000,30000,32000,32000,32000,32000,32000,279,0,72,7674.06744552037,16.538600000785664,32397.479799983557,342.4910394265233
1777517685,10,,Aggregated,0.600000,0.000000,72,2100,16000,22000,30000,30000,32000,32000,32000,32000,32000,280,0,72,7646.84744571496,16.538600000785664,32397.479799983557,341.53214285714284
1777517686,10,,Aggregated,0.600000,0.000000,72,2100,16000,22000,30000,30000,32000,32000,32000,32000,32000,280,0,72,7646.84744571496,16.538600000785664,32397.479799983557,341.53214285714284
1777517687,10,,Aggregated,0.600000,0.000000,72,2100,16000,22000,30000,30000,32000,32000,32000,32000,32000,280,0,72,7646.84744571496,16.538600000785664,32397.479799983557,341.53214285714284
1777517688,10,,Aggregated,0.700000,0.000000,72,2100,16000,22000,30000,30000,32000,32000,32000,32000,32000,283,0,72,7673.764515548243,16.538600000785664,32397.479799983557,341.82685512367493
1777517689,10,,Aggregated,0.700000,0.000000,72,2100,16000,22000,30000,30000,32000,32000,32000,32000,32000,283,0,72,7673.764515548243,16.538600000785664,32397.479799983557,341.82685512367493
1777517690,10,,Aggregated,0.700000,0.000000,72,2100,16000,22000,30000,30000,32000,32000,32000,32000,32000,283,0,72,7673.764515548243,16.538600000785664,32397.479799983557,341.82685512367493
1777517691,10,,Aggregated,0.700000,0.000000,72,2100,16000,22000,30000,30000,32000,32000,32000,32000,32000,283,0,72,7673.764515548243,16.538600000785664,32397.479799983557,341.82685512367493
1777517692,10,,Aggregated,0.700000,0.000000,72,2100,16000,22000,30000,30000,32000,32000,32000,32000,32000,283,0,72,7673.764515548243,16.538600000785664,32397.479799983557,341.82685512367493
1777517693,10,,Aggregated,0.500000,0.000000,73,2100,17000,23000,30000,30000,32000,32000,32000,32000,32000,284,0,72,7742.192501409028,16.538600000785664,32397.479799983557,341.8521126760563
1777517694,10,,Aggregated,0.500000,0.000000,73,2100,17000,23000,30000,30000,32000,32000,32000,32000,32000,284,0,72,7742.192501409028,16.538600000785664,32397.479799983557,341.8521126760563
1777517695,10,,Aggregated,0.500000,0.000000,73,2100,17000,23000,30000,30000,32000,32000,32000,32000,32000,284,0,72,7742.192501409028,16.538600000785664,32397.479799983557,341.8521126760563
1777517696,10,,Aggregated,0.500000,0.000000,74,2100,16000,22000,30000,30000,32000,32000,32000,32000,32000,286,0,73,7702.853914685883,16.538600000785664,32397.479799983557,342.06293706293707
1777517697,10,,Aggregated,0.500000,0.000000,74,2100,18000,24000,30000,30000,32000,32000,32000,32000,32000,289,0,74,7938.914254325977,16.538600000785664,32397.479799983557,342.85121107266434
1777517698,10,,Aggregated,0.400000,0.000000,74,2100,18000,24000,30000,30000,32000,32000,32000,32000,32000,290,0,74,7911.653701379969,16.538600000785664,32397.479799983557,341.92413793103447
1777517699,10,,Aggregated,0.600000,0.000000,74,2100,18000,23000,30000,30000,32000,32000,32000,32000,32000,291,0,74,7884.668724399275,16.538600000785664,32397.479799983557,341.9003436426117
1777517700,10,,Aggregated,0.700000,0.000000,73,2100,17000,23000,30000,30000,32000,32000,32000,32000,32000,293,0,73,7831.310862116675,16.538600000785664,32397.479799983557,341.9249146757679
1777517701,10,,Aggregated,0.700000,0.000000,73,2100,17000,23000,30000,30000,32000,32000,32000,32000,32000,294,0,72,7804.826922449608,16.538600000785664,32397.479799983557,341.01360544217687
1777517702,10,,Aggregated,0.800000,0.000000,72,2100,17000,23000,30000,30000,32000,32000,32000,32000,32000,295,0,72,7778.607604407382,16.538600000785664,32397.479799983557,340.99322033898306
1777517703,10,,Aggregated,1.000000,0.000000,72,2100,16000,23000,30000,30000,32000,32000,32000,32000,32000,297,0,72,7726.632158923129,16.538600000785664,32397.479799983557,340.95286195286195
1777517704,10,,Aggregated,1.100000,0.000000,72,2100,17000,23000,30000,30000,32000,32000,32000,32000,32000,298,0,72,7801.051336913307,16.538600000785664,32397.479799983557,341.2718120805369
1777517705,10,,Aggregated,1.200000,0.000000,72,2100,17000,23000,30000,30000,32000,32000,32000,32000,32000,299,0,72,7775.155694649402,16.538600000785664,32397.479799983557,341.32107023411373
1777517706,10,,Aggregated,1.300000,0.000000,72,2100,17000,23000,30000,30000,32000,32000,32000,32000,32000,300,0,72,7749.404408333941,16.538600000785664,32397.479799983557,341.3
1777517707,10,,Aggregated,1.300000,0.000000,72,2100,16000,23000,30000,30000,32000,32000,32000,32000,32000,301,0,72,7723.858931562009,16.538600000785664,32397.479799983557,341.3488372093023
1777517708,10,,Aggregated,1.500000,0.000000,72,2100,17000,23000,30000,30000,32000,32000,32000,32000,32000,303,0,72,7764.942321122687,16.538600000785664,32397.479799983557,341.63366336633663
1777517709,10,,Aggregated,1.500000,0.000000,72,2100,17000,23000,30000,30000,32000,32000,32000,32000,32000,304,0,72,7739.574275658493,16.538600000785664,32397.479799983557,341.6118421052632
1777517710,10,,Aggregated,1.300000,0.000000,72,2100,16000,23000,30000,30000,32000,32000,32000,32000,32000,305,0,72,7714.412280000636,16.538600000785664,32397.479799983557,341.59016393442624
1777521346,10,,Aggregated,1.300000,0.000000,72,2100,16000,23000,30000,30000,32000,32000,32000,32000,32000,306,0,72,7689.415265360141,16.538600000785664,32397.479799983557,341.5686274509804
1777521347,10,,Aggregated,0.000000,0.000000,72,2100,18000,24000,30000,30000,32000,32000,3644000,3644000,3644000,308,2,72,31280.64589090978,16.538600000785664,3644220.7581000114,339.35064935064935
1777521348,10,,Aggregated,0.000000,0.000000,72,2100,18000,24000,30000,30000,32000,32000,3661000,3661000,3661000,309,2,72,43028.71179579351,16.538600000785664,3661433.0104999826,339.7119741100324
1777521349,10,,Aggregated,0.000000,0.000000,72,2100,18000,24000,30000,30000,32000,32000,3661000,3661000,3661000,309,2,72,43028.71179579351,16.538600000785664,3661433.0104999826,339.7119741100324
1777521350,10,,Aggregated,0.200000,0.200000,72,2100,18000,24000,30000,30000,32000,32000,3661000,3661000,3661000,310,2,72,42890.11094871027,16.538600000785664,3661433.0104999826,339.6967741935484
1777521351,10,,Aggregated,0.300000,0.200000,72,2100,18000,24000,30000,30000,32000,32000,3661000,3661000,3661000,311,2,72,42752.39448617414,16.538600000785664,3661433.0104999826,339.68167202572346
1777521352,10,,Aggregated,0.400000,0.200000,72,2100,18000,24000,30000,31000,32000,3637000,3661000,3661000,3661000,313,2,72,54165.868796486095,16.538600000785664,3661433.0104999826,338.9297124600639
1777521353,10,,Aggregated,0.400000,0.200000,72,2100,18000,24000,30000,31000,32000,3637000,3661000,3661000,3661000,315,2,72,53822.256346032234,16.538600000785664,3661433.0104999826,338.9047619047619
1777521354,10,,Aggregated,0.400000,0.200000,72,2100,18000,24000,30000,31000,32000,3637000,3661000,3661000,3661000,315,2,72,53822.256346032234,16.538600000785664,3661433.0104999826,338.9047619047619
1777521355,10,,Aggregated,0.700000,0.200000,72,2100,18000,24000,30000,31000,32000,3644000,3661000,3661000,3661000,317,2,72,65018.62706719293,16.538600000785664,3661433.0104999826,339.205047318612
1777521356,10,,Aggregated,0.700000,0.200000,72,2100,18000,24000,30000,31000,32000,3644000,3661000,3661000,3661000,317,2,72,65018.62706719293,16.538600000785664,3661433.0104999826,339.205047318612
1777521357,10,,Aggregated,0.900000,0.200000,72,2100,18000,24000,30000,31000,32000,3644000,3661000,3661000,3661000,318,2,72,64821.159231132544,16.538600000785664,3661433.0104999826,339.3050314465409
1777521358,10,,Aggregated,0.900000,0.200000,72,2100,18000,24000,30000,31000,32000,3644000,3661000,3661000,3661000,318,2,72,64821.159231132544,16.538600000785664,3661433.0104999826,339.3050314465409
1777521359,10,,Aggregated,0.900000,0.200000,72,2100,18000,24000,30000,31000,32000,3644000,3661000,3661000,3661000,318,2,72,64821.159231132544,16.538600000785664,3661433.0104999826,339.3050314465409
1777521360,10,,Aggregated,0.900000,0.200000,72,2100,18000,24000,30000,31000,32000,3644000,3661000,3661000,3661000,318,2,72,64821.159231132544,16.538600000785664,3661433.0104999826,339.3050314465409
1777521361,10,,Aggregated,0.900000,0.200000,72,2100,18000,24000,30000,31000,32000,3644000,3661000,3661000,3661000,318,2,72,64821.159231132544,16.538600000785664,3661433.0104999826,339.3050314465409
1777521362,10,,Aggregated,0.800000,0.000000,72,2100,18000,25000,30000,31000,32000,3657000,3661000,3661000,3661000,319,2,72,76085.03243981238,16.538600000785664,3661433.0104999826,339.66457680250784
1777521363,10,,Aggregated,0.800000,0.000000,72,2100,18000,25000,30000,31000,32000,3657000,3661000,3661000,3661000,320,2,72,75853.74151968799,16.538600000785664,3661433.0104999826,339.7625
1777521364,10,,Aggregated,0.700000,0.000000,72,2100,18000,24000,30000,31000,32000,3657000,3661000,3661000,3661000,321,2,72,75617.56991059238,16.538600000785664,3661433.0104999826,339.74766355140184
1777521365,10,,Aggregated,0.600000,0.000000,72,2100,18000,24000,30000,31000,32000,3657000,3661000,3661000,3661000,322,2,72,75382.96366304399,16.538600000785664,3661433.0104999826,339.7329192546584
1777521366,10,,Aggregated,0.600000,0.000000,72,2100,18000,25000,30000,31000,3637000,3658000,3661000,3661000,3661000,323,2,72,86477.11825201284,16.538600000785664,3661433.0104999826,340.08978328173373
1777521367,10,,Aggregated,0.600000,0.000000,72,2100,18000,25000,30000,31000,3637000,3658000,3661000,3661000,3661000,324,2,72,86210.34135000045,16.538600000785664,3661433.0104999826,340.0740740740741
1777521368,10,,Aggregated,0.600000,0.000000,72,2100,18000,25000,30000,31000,3637000,3658000,3661000,3661000,3661000,324,2,72,86210.34135000045,16.538600000785664,3661433.0104999826,340.0740740740741
1777521369,10,,Aggregated,0.600000,0.000000,72,2100,18000,25000,30000,31000,3637000,3658000,3661000,3661000,3661000,325,2,72,85945.31607138504,16.538600000785664,3661433.0104999826,340.05846153846153
1777521370,10,,Aggregated,0.600000,0.000000,72,2100,18000,25000,30000,31000,3637000,3658000,3661000,3661000,3661000,325,2,72,85945.31607138504,16.538600000785664,3661433.0104999826,340.05846153846153
1777521371,10,,Aggregated,0.600000,0.000000,72,2100,18000,25000,30000,31000,3644000,3658000,3661000,3661000,3661000,327,2,72,96612.95786574953,16.538600000785664,3661433.0104999826,340.1131498470948
1777521372,10,,Aggregated,0.700000,0.000000,72,2100,18000,25000,30000,31000,3644000,3658000,3661000,3661000,3661000,328,2,72,96318.53426646371,16.538600000785664,3661433.0104999826,340.0975609756098
1777521373,10,,Aggregated,0.700000,0.000000,72,2100,18000,25000,30000,31000,3644000,3658000,3661000,3661000,3661000,328,2,72,96318.53426646371,16.538600000785664,3661433.0104999826,340.0975609756098
1777521374,10,,Aggregated,0.700000,0.000000,72,2100,18000,25000,30000,31000,3644000,3658000,3661000,3661000,3661000,328,2,72,96318.53426646371,16.538600000785664,3661433.0104999826,340.0975609756098
1777521375,10,,Aggregated,0.700000,0.000000,72,2100,18000,25000,30000,31000,3644000,3658000,3661000,3661000,3661000,328,2,72,96318.53426646371,16.538600000785664,3661433.0104999826,340.0975609756098
1777521376,10,,Aggregated,0.900000,0.000000,72,2100,18000,25000,30000,31000,3644000,3658000,3661000,3661000,3661000,329,2,72,96115.03535592741,16.538600000785664,3661433.0104999826,340.38601823708206
1777521377,10,,Aggregated,0.800000,0.000000,72,2100,18000,25000,30000,31000,3644000,3658000,3661000,3661000,3661000,330,2,72,95824.03926545485,16.538600000785664,3661433.0104999826,340.369696969697
1777521378,10,,Aggregated,0.600000,0.000000,72,2100,18000,25000,30000,32000,3644000,3658000,3661000,3661000,3661000,332,2,72,95344.03057198822,16.538600000785664,3661433.0104999826,340.65361445783134
1777521379,10,,Aggregated,0.600000,0.000000,72,2100,18000,25000,30000,32000,3644000,3658000,3661000,3661000,3661000,332,2,72,95344.03057198822,16.538600000785664,3661433.0104999826,340.65361445783134
1777521380,10,,Aggregated,0.600000,0.000000,72,2100,18000,25000,30000,32000,3644000,3658000,3661000,3661000,3661000,333,2,72,95064.66587477499,16.538600000785664,3661433.0104999826,340.74474474474476
1777521381,10,,Aggregated,0.800000,0.000000,72,2100,18000,26000,30000,32000,3644000,3658000,3661000,3661000,3661000,335,2,72,94582.56048686593,16.538600000785664,3661433.0104999826,340.88358208955225
1777521382,10,,Aggregated,0.800000,0.000000,72,2100,18000,26000,30000,32000,3644000,3658000,3661000,3661000,3661000,335,2,72,94582.56048686593,16.538600000785664,3661433.0104999826,340.88358208955225
1777521383,10,,Aggregated,0.800000,0.000000,72,2100,18000,26000,30000,32000,3644000,3658000,3661000,3661000,3661000,335,2,72,94582.56048686593,16.538600000785664,3661433.0104999826,340.88358208955225
1777521384,10,,Aggregated,0.800000,0.000000,72,2100,18000,26000,30000,32000,3644000,3658000,3661000,3661000,3661000,335,2,72,94582.56048686593,16.538600000785664,3661433.0104999826,340.88358208955225
1777521385,10,,Aggregated,0.800000,0.000000,72,2100,18000,26000,30000,32000,3644000,3658000,3661000,3661000,3661000,335,2,72,94582.56048686593,16.538600000785664,3661433.0104999826,340.88358208955225
1777521386,10,,Aggregated,0.700000,0.000000,73,2100,19000,26000,30000,32000,3644000,3658000,3661000,3661000,3661000,336,2,72,94389.8225217264,16.538600000785664,3661433.0104999826,341.16964285714283
1777521387,10,,Aggregated,0.700000,0.000000,73,2100,19000,26000,30000,32000,3644000,3658000,3661000,3661000,3661000,338,2,72,93920.47257544407,16.538600000785664,3661433.0104999826,341.42899408284023
1777521388,10,,Aggregated,0.600000,0.000000,73,2100,19000,26000,30000,32000,3644000,3658000,3661000,3661000,3661000,339,2,73,93643.66023215369,16.538600000785664,3661433.0104999826,341.4100294985251
1777521389,10,,Aggregated,0.600000,0.000000,74,2100,19000,26000,30000,31000,3644000,3658000,3661000,3661000,3661000,341,2,74,93161.27672727298,16.538600000785664,3661433.0104999826,341.4692082111437
1777521390,10,,Aggregated,0.800000,0.000000,74,2100,19000,26000,30000,31000,3644000,3658000,3661000,3661000,3661000,342,2,73,92889.03117134528,16.538600000785664,3661433.0104999826,341.4502923976608
1777521391,10,,Aggregated,0.700000,0.000000,73,2100,19000,26000,30000,31000,3644000,3658000,3661000,3661000,3661000,343,2,73,92618.33415568543,16.538600000785664,3661433.0104999826,341.4314868804665
1777521392,10,,Aggregated,0.900000,0.000000,74,2100,19000,26000,30000,31000,3644000,3658000,3661000,3661000,3661000,344,2,73,92355.41108982587,16.538600000785664,3661433.0104999826,341.5203488372093
1777521393,10,,Aggregated,0.900000,0.000000,74,2100,19000,25000,30000,31000,3644000,3658000,3661000,3661000,3661000,347,2,74,91629.30318098006,16.538600000785664,3661433.0104999826,341.64553314121036
1777521394,10,,Aggregated,0.800000,0.000000,74,2100,19000,25000,30000,31000,3644000,3658000,3661000,3661000,3661000,348,2,74,91366.12357758646,16.538600000785664,3661433.0104999826,341.6264367816092
1777521395,10,,Aggregated,0.900000,0.000000,74,2100,18000,25000,30000,31000,3644000,3658000,3661000,3661000,3661000,349,2,74,91104.4473481378,16.538600000785664,3661433.0104999826,341.6074498567335
1777521397,10,,Aggregated,1.200000,0.000000,74,2100,18000,25000,30000,31000,3644000,3658000,3661000,3661000,3661000,350,2,73,90844.2648451431,16.538600000785664,3661433.0104999826,341.5885714285714
1777521398,10,,Aggregated,1.300000,0.000000,74,2100,19000,25000,30000,31000,3637000,3658000,3661000,3661000,3661000,351,2,74,90653.36427264985,16.538600000785664,3661433.0104999826,341.8575498575499
1777521399,10,,Aggregated,1.400000,0.000000,73,2100,18000,25000,30000,31000,3637000,3658000,3661000,3661000,3661000,353,2,73,90139.9889524082,16.538600000785664,3661433.0104999826,341.8186968838527
1777521400,10,,Aggregated,1.400000,0.000000,73,2100,18000,25000,30000,31000,3637000,3658000,3661000,3661000,3661000,353,2,73,90139.9889524082,16.538600000785664,3661433.0104999826,341.8186968838527
1777521401,10,,Aggregated,1.300000,0.000000,74,2100,18000,25000,30000,31000,3637000,3658000,3661000,3661000,3661000,354,2,73,89891.1997954805,16.538600000785664,3661433.0104999826,341.90112994350284
1777521402,10,,Aggregated,1.400000,0.000000,74,2100,19000,25000,30000,31000,3637000,3658000,3661000,3661000,3661000,355,2,74,89700.00657211295,16.538600000785664,3661433.0104999826,342.2112676056338
1777521403,10,,Aggregated,1.400000,0.000000,74,2100,19000,25000,30000,31000,3637000,3658000,3661000,3661000,3661000,355,2,74,89700.00657211295,16.538600000785664,3661433.0104999826,342.2112676056338
1777521404,10,,Aggregated,1.200000,0.000000,74,2100,19000,24000,30000,31000,3637000,3658000,3661000,3661000,3661000,356,2,73,89448.14168848342,16.538600000785664,3661433.0104999826,342.19101123595505
1777521405,10,,Aggregated,1.200000,0.000000,74,2100,19000,25000,30000,31000,3637000,3658000,3661000,3661000,3661000,358,2,73,89018.92890474891,16.538600000785664,3661433.0104999826,342.4245810055866
1777521406,10,,Aggregated,1.100000,0.000000,73,2100,19000,25000,30000,31000,3637000,3658000,3661000,3661000,3661000,359,2,73,88771.06987437356,16.538600000785664,3661433.0104999826,342.40389972144845
1777521407,10,,Aggregated,0.900000,0.000000,73,2100,19000,25000,30000,31000,3637000,3658000,3661000,3661000,3661000,360,2,72,88524.62978583362,16.538600000785664,3661433.0104999826,342.3833333333333
1777521408,10,,Aggregated,0.900000,0.000000,73,2100,19000,25000,30000,31000,3637000,3658000,3661000,3661000,3661000,360,2,72,88524.62978583362,16.538600000785664,3661433.0104999826,342.3833333333333
1777521409,10,,Aggregated,1.000000,0.000000,73,2100,18000,24000,30000,31000,3637000,3658000,3661000,3661000,3661000,362,2,72,88041.63783370188,16.538600000785664,3661433.0104999826,342.4447513812155
1777521410,10,,Aggregated,1.000000,0.000000,74,2100,19000,25000,30000,31000,3637000,3658000,3661000,3661000,3661000,364,2,73,87634.69626291227,16.538600000785664,3661433.0104999826,342.8269230769231
1777521411,10,,Aggregated,1.000000,0.000000,74,2100,19000,25000,30000,31000,3637000,3658000,3661000,3661000,3661000,364,2,73,87634.69626291227,16.538600000785664,3661433.0104999826,342.8269230769231
1777521412,10,,Aggregated,0.900000,0.000000,74,2100,18000,25000,30000,31000,3637000,3658000,3661000,3661000,3661000,365,2,74,87394.83247397272,16.538600000785664,3661433.0104999826,342.8054794520548
1777521413,10,,Aggregated,1.000000,0.000000,74,2100,19000,24000,30000,31000,3637000,3658000,3661000,3661000,3661000,367,2,74,86980.93103215264,16.538600000785664,3661433.0104999826,343.0381471389646
1777521414,10,,Aggregated,1.000000,0.000000,74,2100,19000,24000,30000,31000,3637000,3658000,3661000,3661000,3661000,367,2,74,86980.93103215264,16.538600000785664,3661433.0104999826,343.0381471389646
1777521415,10,,Aggregated,1.000000,0.000000,74,2100,18000,24000,30000,31000,3637000,3658000,3661000,3661000,3661000,369,2,74,86509.70959214095,16.538600000785664,3661433.0104999826,342.99457994579944
1777521416,10,,Aggregated,1.000000,0.000000,74,2100,18000,24000,30000,31000,3637000,3658000,3661000,3661000,3661000,369,2,74,86509.70959214095,16.538600000785664,3661433.0104999826,342.99457994579944
1777521417,10,,Aggregated,1.100000,0.000000,74,2100,19000,25000,30000,31000,3637000,3658000,3661000,3661000,3661000,370,2,74,86344.99787783786,16.538600000785664,3661433.0104999826,343.2810810810811
1777521418,10,,Aggregated,1.100000,0.000000,74,2100,19000,24000,30000,31000,3637000,3658000,3661000,3661000,3661000,371,2,74,86118.12366792456,16.538600000785664,3661433.0104999826,343.35849056603774
1777521419,10,,Aggregated,1.000000,0.000000,74,2100,20000,24000,30000,31000,3637000,3658000,3661000,3661000,3661000,372,2,74,85939.53609596784,16.538600000785664,3661433.0104999826,343.60483870967744
1777521420,10,,Aggregated,1.000000,0.000000,74,2100,19000,24000,30000,31000,3637000,3658000,3661000,3661000,3661000,374,2,74,85485.98439411786,16.538600000785664,3661433.0104999826,343.6577540106952
1777521421,10,,Aggregated,1.000000,0.000000,74,2100,20000,24000,30000,31000,3637000,3658000,3661000,3661000,3661000,375,2,74,85316.18480773353,16.538600000785664,3661433.0104999826,343.93066666666664
1777521422,10,,Aggregated,1.000000,0.000000,74,2100,20000,24000,30000,31000,3637000,3658000,3661000,3661000,3661000,375,2,74,85316.18480773353,16.538600000785664,3661433.0104999826,343.93066666666664
1777521423,10,,Aggregated,1.000000,0.000000,74,2100,19000,24000,30000,31000,3637000,3658000,3661000,3661000,3661000,377,2,74,84863.82566180394,16.538600000785664,3661433.0104999826,343.8832891246684
1777521424,10,,Aggregated,1.000000,0.000000,74,2100,19000,24000,30000,31000,3637000,3658000,3661000,3661000,3661000,377,2,74,84863.82566180394,16.538600000785664,3661433.0104999826,343.8832891246684
1777521425,10,,Aggregated,1.000000,0.000000,74,2100,19000,24000,30000,31000,3637000,3658000,3661000,3661000,3661000,377,2,74,84863.82566180394,16.538600000785664,3661433.0104999826,343.8832891246684
1777521426,10,,Aggregated,1.100000,0.000000,74,2100,19000,24000,30000,31000,3637000,3658000,3661000,3661000,3661000,378,2,74,84687.04396957693,16.538600000785664,3661433.0104999826,344.1746031746032
1777521427,10,,Aggregated,1.000000,0.000000,74,2100,19000,24000,30000,31000,3637000,3658000,3661000,3661000,3661000,379,2,74,84463.69956992104,16.538600000785664,3661433.0104999826,344.1503957783641
1777521428,10,,Aggregated,0.900000,0.000000,74,2100,18000,24000,30000,31000,3637000,3658000,3661000,3661000,3661000,381,2,74,84025.95704120751,16.538600000785664,3661433.0104999826,344.1994750656168
1777521429,10,,Aggregated,0.900000,0.000000,74,2100,19000,24000,30000,31000,3637000,3658000,3661000,3661000,3661000,382,2,74,83857.41747643995,16.538600000785664,3661433.0104999826,344.4712041884817
1777521430,10,,Aggregated,0.800000,0.000000,74,2100,19000,24000,30000,31000,3637000,3658000,3661000,3661000,3661000,383,2,74,83638.56758772858,16.538600000785664,3661433.0104999826,344.4464751958225
1777521431,10,,Aggregated,0.800000,0.000000,74,2100,19000,24000,30000,31000,3637000,3658000,3661000,3661000,3661000,383,2,74,83638.56758772858,16.538600000785664,3661433.0104999826,344.4464751958225
1777521432,10,,Aggregated,1.000000,0.000000,74,2100,19000,24000,30000,31000,3637000,3658000,3661000,3661000,3661000,384,2,74,83420.96402135429,16.538600000785664,3661433.0104999826,344.4192708333333
1777521433,10,,Aggregated,0.900000,0.000000,74,2100,18000,23000,30000,31000,3637000,3658000,3661000,3661000,3661000,387,2,74,82825.94665297178,16.538600000785664,3661433.0104999826,344.70542635658916
1777521434,10,,Aggregated,0.900000,0.000000,74,2100,18000,23000,30000,31000,3637000,3658000,3661000,3661000,3661000,389,2,74,82400.41573393332,16.538600000785664,3661433.0104999826,344.65552699228795
1777521435,10,,Aggregated,1.000000,0.000000,74,2100,18000,23000,30000,31000,3637000,3658000,3661000,3661000,3661000,390,2,74,82189.22683205147,16.538600000785664,3661433.0104999826,344.6307692307692
1777521436,10,,Aggregated,1.000000,0.000000,74,2100,18000,23000,30000,31000,3637000,3658000,3661000,3661000,3661000,390,2,74,82189.22683205147,16.538600000785664,3661433.0104999826,344.6307692307692
1777521437,10,,Aggregated,1.200000,0.000000,74,2100,18000,23000,30000,31000,3637000,3658000,3661000,3661000,3661000,391,2,74,82031.48101150915,16.538600000785664,3661433.0104999826,344.8618925831202
1777521438,10,,Aggregated,1.200000,0.000000,74,2100,18000,23000,30000,31000,3637000,3658000,3661000,3661000,3661000,391,2,74,82031.48101150915,16.538600000785664,3661433.0104999826,344.8618925831202
1777521439,10,,Aggregated,1.200000,0.000000,74,2100,18000,23000,30000,31000,3637000,3658000,3661000,3661000,3661000,391,2,74,82031.48101150915,16.538600000785664,3661433.0104999826,344.8618925831202
1777521440,10,,Aggregated,1.200000,0.000000,74,2100,18000,23000,30000,31000,3637000,3658000,3661000,3661000,3661000,391,2,74,82031.48101150915,16.538600000785664,3661433.0104999826,344.8618925831202
1777521441,10,,Aggregated,1.200000,0.000000,75,2100,19000,23000,30000,31000,3637000,3658000,3661000,3661000,3661000,392,2,74,81888.60209591853,16.538600000785664,3661433.0104999826,344.90561224489795
1777521442,10,,Aggregated,1.200000,0.000000,75,2100,19000,23000,30000,31000,3637000,3658000,3661000,3661000,3661000,392,2,74,81888.60209591853,16.538600000785664,3661433.0104999826,344.90561224489795
1777521443,10,,Aggregated,1.200000,0.000000,75,2100,19000,23000,30000,31000,3637000,3658000,3661000,3661000,3661000,392,2,74,81888.60209591853,16.538600000785664,3661433.0104999826,344.90561224489795
1777521444,10,,Aggregated,0.800000,0.000000,75,2100,19000,24000,30000,31000,3637000,3658000,3661000,3661000,3661000,393,2,75,81747.33442748112,16.538600000785664,3661433.0104999826,345.1704834605598
1777521445,10,,Aggregated,0.600000,0.000000,76,2100,20000,24000,30000,31000,3637000,3658000,3661000,3661000,3661000,394,2,75,81602.26681243679,16.538600000785664,3661433.0104999826,345.2284263959391
1777521446,10,,Aggregated,0.600000,0.000000,76,2100,20000,24000,30000,31000,3637000,3658000,3661000,3661000,3661000,394,2,75,81602.26681243679,16.538600000785664,3661433.0104999826,345.2284263959391
1777521447,10,,Aggregated,0.600000,0.000000,76,2100,20000,24000,30000,31000,3637000,3658000,3661000,3661000,3661000,394,2,75,81602.26681243679,16.538600000785664,3661433.0104999826,345.2284263959391
1777521448,10,,Aggregated,0.600000,0.000000,76,2100,20000,24000,30000,31000,3637000,3658000,3661000,3661000,3661000,394,2,75,81602.26681243679,16.538600000785664,3661433.0104999826,345.2284263959391
1777521449,10,,Aggregated,0.400000,0.000000,77,2100,20000,24000,30000,31000,3637000,3658000,3661000,3661000,3661000,396,2,76,81256.45467828312,16.538600000785664,3661433.0104999826,345.3459595959596
1777521450,10,,Aggregated,0.400000,0.000000,77,2100,20000,24000,30000,31000,3637000,3658000,3661000,3661000,3661000,396,2,76,81256.45467828312,16.538600000785664,3661433.0104999826,345.3459595959596
1777521451,10,,Aggregated,0.400000,0.000000,77,2100,20000,24000,30000,31000,3637000,3658000,3661000,3661000,3661000,396,2,76,81256.45467828312,16.538600000785664,3661433.0104999826,345.3459595959596
1777521452,10,,Aggregated,0.500000,0.000000,77,2100,20000,24000,30000,31000,3637000,3658000,3661000,3661000,3661000,397,2,77,81110.13548564266,16.538600000785664,3661433.0104999826,345.34005037783373
1777521453,10,,Aggregated,0.500000,0.000000,77,2100,20000,24000,30000,31000,3637000,3658000,3661000,3661000,3661000,397,2,77,81110.13548564266,16.538600000785664,3661433.0104999826,345.34005037783373
1777521454,10,,Aggregated,0.400000,0.000000,77,2100,20000,24000,30000,31000,3637000,3658000,3661000,3661000,3661000,398,2,76,80906.43879346768,16.538600000785664,3661433.0104999826,345.3140703517588
1777521455,10,,Aggregated,0.400000,0.000000,77,2100,20000,24000,30000,31000,3637000,3658000,3661000,3661000,3661000,398,2,76,80906.43879346768,16.538600000785664,3661433.0104999826,345.3140703517588
1777521456,10,,Aggregated,0.500000,0.000000,77,2100,20000,24000,30000,31000,3637000,3658000,3661000,3661000,3661000,399,2,77,80754.71926040135,16.538600000785664,3661433.0104999826,345.5388471177945
1777521457,10,,Aggregated,0.500000,0.000000,77,2100,20000,24000,30000,31000,3637000,3658000,3661000,3661000,3661000,399,2,77,80754.71926040135,16.538600000785664,3661433.0104999826,345.5388471177945
1777521458,10,,Aggregated,0.400000,0.000000,77,2100,20000,24000,30000,31000,32000,3658000,3661000,3661000,3661000,401,2,77,80405.88823217001,16.538600000785664,3661433.0104999826,345.76059850374065
1777521459,10,,Aggregated,0.500000,0.000000,77,2100,20000,24000,30000,31000,32000,3658000,3661000,3661000,3661000,402,2,76,80205.9416803487,16.538600000785664,3661433.0104999826,345.0845771144279
1777521460,10,,Aggregated,0.600000,0.000000,76,2100,20000,24000,30000,31000,32000,3658000,3661000,3661000,3661000,404,2,75,79809.08055569355,16.538600000785664,3661433.0104999826,345.03465346534654
1777521461,10,,Aggregated,0.600000,0.000000,76,2100,20000,23000,30000,31000,32000,3658000,3661000,3661000,3661000,406,2,75,79421.34051453254,16.538600000785664,3661433.0104999826,345.128078817734
1777521462,10,,Aggregated,0.600000,0.000000,75,2100,20000,24000,30000,31000,32000,3658000,3661000,3661000,3661000,409,2,75,78898.62286430369,16.538600000785664,3661433.0104999826,345.31051344743275
1777521463,10,,Aggregated,0.600000,0.000000,75,2100,20000,24000,30000,31000,32000,3658000,3661000,3661000,3661000,409,2,75,78898.62286430369,16.538600000785664,3661433.0104999826,345.31051344743275
1777531061,10,,Aggregated,1.000000,0.000000,75,2100,20000,24000,30000,31000,32000,3658000,3661000,3661000,3661000,410,2,74,78706.2702692688,16.538600000785664,3661433.0104999826,345.28536585365856
1777531062,10,,Aggregated,0.000000,0.000000,76,2100,21000,24000,30000,31000,3644000,3659000,9622000,9622000,9622000,412,4,75,125027.96084199083,16.538600000785664,9622095.720500017,343.6092233009709
1777531063,10,,Aggregated,0.000000,0.000000,76,2100,21000,24000,30000,31000,3644000,3659000,9622000,9622000,9622000,412,4,75,125027.96084199083,16.538600000785664,9622095.720500017,343.6092233009709
1777531064,10,,Aggregated,0.200000,0.200000,77,2200,20000,24000,30000,31000,3644000,3659000,9622000,9622000,9622000,414,4,76,124436.10357198116,16.538600000785664,9622095.720500017,343.65942028985506
1777531065,10,,Aggregated,0.200000,0.200000,77,2200,20000,24000,30000,31000,3644000,3659000,9622000,9622000,9622000,414,4,76,124436.10357198116,16.538600000785664,9622095.720500017,343.65942028985506
1777531066,10,,Aggregated,0.200000,0.200000,77,2200,20000,24000,30000,31000,3644000,3659000,9622000,9622000,9622000,414,4,76,124436.10357198116,16.538600000785664,9622095.720500017,343.65942028985506
1777531067,10,,Aggregated,0.200000,0.200000,77,2200,20000,24000,30000,31000,3644000,3659000,9622000,9622000,9622000,414,4,76,124436.10357198116,16.538600000785664,9622095.720500017,343.65942028985506
1777531068,10,,Aggregated,0.200000,0.200000,77,2200,20000,24000,30000,31000,3644000,3659000,9622000,9622000,9622000,414,4,76,124436.10357198116,16.538600000785664,9622095.720500017,343.65942028985506
1777531069,10,,Aggregated,0.400000,0.200000,77,2200,20000,24000,30000,31000,3644000,3659000,9622000,9622000,9622000,415,4,77,124141.47757518115,16.538600000785664,9622095.720500017,343.7277108433735
1777531070,10,,Aggregated,0.400000,0.200000,77,2200,20000,24000,30000,31000,3644000,3659000,9622000,9622000,9622000,416,4,77,123848.19324038505,16.538600000785664,9622095.720500017,343.7956730769231
1777531071,10,,Aggregated,0.400000,0.200000,77,2200,20000,24000,30000,31000,3657000,3660000,9625000,9625000,9625000,417,4,77,146632.98182613956,16.538600000785664,9625105.033500005,344.021582733813
1777531072,10,,Aggregated,0.400000,0.200000,77,2200,20000,24000,30000,31000,3657000,3660000,9625000,9625000,9625000,417,4,77,146632.98182613956,16.538600000785664,9625105.033500005,344.021582733813
1777531073,10,,Aggregated,0.400000,0.200000,77,2200,20000,24000,30000,31000,3657000,3660000,9625000,9625000,9625000,417,4,77,146632.98182613956,16.538600000785664,9625105.033500005,344.021582733813
1777531074,10,,Aggregated,0.500000,0.000000,78,2200,21000,24000,30000,32000,3658000,3661000,9628000,9628000,9628000,418,4,77,169315.2317710531,16.538600000785664,9627813.458799995,344.0382775119617
1777531075,10,,Aggregated,0.500000,0.000000,77,2200,21000,24000,30000,32000,3658000,3661000,9628000,9628000,9628000,419,4,77,168911.18263937996,16.538600000785664,9627813.458799995,343.39379474940336
1777531076,10,,Aggregated,0.500000,0.000000,77,2200,21000,24000,30000,32000,3658000,3661000,9628000,9628000,9628000,420,4,77,168509.18348666714,16.538600000785664,9627813.458799995,343.37380952380954
1777531077,10,,Aggregated,0.400000,0.000000,77,2200,21000,24000,30000,32000,3658000,9620000,9628000,9628000,9628000,423,4,77,190078.09287943318,16.538600000785664,9627813.458799995,342.8085106382979
1777531078,10,,Aggregated,0.500000,0.000000,77,2200,21000,24000,30000,32000,3658000,9620000,9628000,9628000,9628000,424,4,77,189629.85107901003,16.538600000785664,9627813.458799995,342.17452830188677
1777531079,10,,Aggregated,0.600000,0.000000,77,2200,21000,24000,30000,32000,3659000,9622000,9628000,9628000,9628000,425,4,77,211829.20619670642,16.538600000785664,9627813.458799995,342.3976470588235
1777531080,10,,Aggregated,0.600000,0.000000,77,2200,21000,24000,30000,32000,3659000,9622000,9628000,9628000,9628000,425,4,77,211829.20619670642,16.538600000785664,9627813.458799995,342.3976470588235
1777531081,10,,Aggregated,1.000000,0.000000,78,2200,21000,24000,30000,32000,3659000,9622000,9628000,9628000,9628000,426,4,77,211332.93107840433,16.538600000785664,9627813.458799995,342.38028169014086
1777531082,10,,Aggregated,1.000000,0.000000,78,2200,21000,24000,30000,32000,3659000,9622000,9628000,9628000,9628000,427,4,78,210842.95169929796,16.538600000785664,9627813.458799995,342.4496487119438
1777531083,10,,Aggregated,0.900000,0.000000,78,2200,21000,24000,30000,32000,3660000,9622000,9628000,9628000,9628000,429,4,78,232285.4636212126,16.538600000785664,9627813.458799995,341.8834498834499
1777531084,10,,Aggregated,1.000000,0.000000,78,2200,21000,24000,30000,32000,3660000,9622000,9628000,9628000,9628000,430,4,78,231750.46040651214,16.538600000785664,9627813.458799995,341.95348837209303
1777531085,10,,Aggregated,1.100000,0.000000,78,2200,21000,24000,30000,32000,3660000,9622000,9628000,9628000,9628000,431,4,78,231212.9510113694,16.538600000785664,9627813.458799995,341.9373549883991
1777531086,10,,Aggregated,1.200000,0.000000,78,2200,21000,24000,30000,32000,3660000,9622000,9628000,9628000,9628000,432,4,78,230677.91507592637,16.538600000785664,9627813.458799995,341.9212962962963
1777531087,10,,Aggregated,1.200000,0.000000,78,2200,21000,24000,30000,32000,3661000,9624000,9628000,9628000,9628000,433,4,78,252371.76412863788,16.538600000785664,9627813.458799995,342.14087759815243
1777531088,10,,Aggregated,1.200000,0.000000,78,2200,21000,24000,30000,32000,3661000,9624000,9628000,9628000,9628000,434,4,78,251790.3555988484,16.538600000785664,9627813.458799995,342.12442396313367
1777531089,10,,Aggregated,1.200000,0.000000,78,2200,21000,24000,30000,32000,3661000,9624000,9628000,9628000,9628000,434,4,78,251790.3555988484,16.538600000785664,9627813.458799995,342.12442396313367
1777531090,10,,Aggregated,1.000000,0.000000,78,2200,21000,24000,30000,32000,3661000,9624000,9628000,9628000,9628000,435,4,78,251211.71855011542,16.538600000785664,9627813.458799995,342.1080459770115
1777531091,10,,Aggregated,1.000000,0.000000,78,2200,21000,24000,30000,32000,3661000,9624000,9628000,9628000,9628000,437,4,78,250122.54932425678,16.538600000785664,9627813.458799995,342.3386727688787
1777531092,10,,Aggregated,1.000000,0.000000,78,2200,21000,24000,30000,32000,3661000,9624000,9628000,9628000,9628000,437,4,78,250122.54932425678,16.538600000785664,9627813.458799995,342.3386727688787
1777531093,10,,Aggregated,1.000000,0.000000,78,2200,21000,24000,30000,32000,3661000,9624000,9628000,9628000,9628000,438,4,78,249551.54682968085,16.538600000785664,9627813.458799995,341.7260273972603
1777531094,10,,Aggregated,1.000000,0.000000,79,2200,21000,24000,30000,32000,3661000,9624000,9628000,9628000,9628000,440,4,78,248469.06553113682,16.538600000785664,9627813.458799995,341.7431818181818
1777531095,10,,Aggregated,0.900000,0.000000,78,2200,21000,24000,30000,32000,3661000,9624000,9628000,9628000,9628000,442,4,78,247345.02384276068,16.538600000785664,9627813.458799995,341.7126696832579
1777531096,10,,Aggregated,0.900000,0.000000,78,2200,21000,24000,30000,32000,3661000,9624000,9628000,9628000,9628000,443,4,78,246786.7675505648,16.538600000785664,9627813.458799995,341.6975169300226
1777531097,10,,Aggregated,1.000000,0.000000,78,2200,21000,24000,30000,32000,3661000,9624000,9628000,9628000,9628000,444,4,77,246231.02288536087,16.538600000785664,9627813.458799995,341.68243243243245
1777531098,10,,Aggregated,1.100000,0.000000,78,2200,20000,24000,30000,32000,3661000,9624000,9628000,9628000,9628000,447,4,78,244622.511307383,16.538600000785664,9627813.458799995,341.8612975391499
1777531099,10,,Aggregated,1.100000,0.000000,78,2200,20000,24000,30000,32000,3661000,9624000,9628000,9628000,9628000,447,4,78,244622.511307383,16.538600000785664,9627813.458799995,341.8612975391499
1777531100,10,,Aggregated,1.100000,0.000000,78,2100,20000,24000,30000,32000,3661000,9624000,9628000,9628000,9628000,448,4,77,244076.6406417415,16.538600000785664,9627813.458799995,341.84598214285717
1777531101,10,,Aggregated,1.100000,0.000000,78,2100,20000,24000,30000,32000,3661000,9624000,9628000,9628000,9628000,448,4,77,244076.6406417415,16.538600000785664,9627813.458799995,341.84598214285717
1777531102,10,,Aggregated,1.300000,0.000000,78,2200,20000,24000,30000,32000,3661000,9624000,9628000,9628000,9628000,450,4,77,243045.6409091115,16.538600000785664,9627813.458799995,341.8333333333333
1777531103,10,,Aggregated,1.300000,0.000000,77,2100,20000,24000,30000,32000,3660000,9624000,9628000,9628000,9628000,451,4,77,242506.8134594239,16.538600000785664,9627813.458799995,341.8181818181818
1777531104,10,,Aggregated,1.200000,0.000000,77,2100,20000,24000,30000,32000,3660000,9624000,9628000,9628000,9628000,452,4,77,241970.40823031013,16.538600000785664,9627813.458799995,341.80309734513276
1777531105,10,,Aggregated,1.200000,0.000000,77,2100,20000,24000,30000,32000,3660000,9624000,9628000,9628000,9628000,452,4,77,241970.40823031013,16.538600000785664,9627813.458799995,341.80309734513276
1777531106,10,,Aggregated,1.300000,0.000000,77,2100,20000,24000,30000,32000,3660000,9624000,9628000,9628000,9628000,454,4,77,240962.25713370083,16.538600000785664,9627813.458799995,341.9955947136564
1777531107,10,,Aggregated,1.200000,0.000000,77,2100,20000,24000,30000,32000,3660000,9624000,9628000,9628000,9628000,456,4,77,239906.2361515354,16.538600000785664,9627813.458799995,341.3925438596491
1777531108,10,,Aggregated,1.000000,0.000000,77,2100,20000,24000,30000,32000,3660000,9624000,9628000,9628000,9628000,457,4,77,239381.43599256052,16.538600000785664,9627813.458799995,341.3785557986871
1777531109,10,,Aggregated,1.100000,0.000000,77,2100,20000,24000,30000,32000,3660000,9624000,9628000,9628000,9628000,459,4,77,238393.505881264,16.538600000785664,9627813.458799995,341.39651416122007
1777531110,10,,Aggregated,1.200000,0.000000,77,2100,20000,24000,30000,32000,3660000,9624000,9628000,9628000,9628000,460,4,77,237875.34490978296,16.538600000785664,9627813.458799995,341.38260869565215
1777531111,10,,Aggregated,1.000000,0.000000,77,2100,20000,24000,30000,32000,3660000,9624000,9628000,9628000,9628000,462,4,77,236894.27880411284,16.538600000785664,9627813.458799995,341.4458874458874
1777531112,10,,Aggregated,1.200000,0.000000,77,2100,20000,24000,30000,32000,3660000,9624000,9628000,9628000,9628000,464,4,76,235873.3582691813,16.538600000785664,9627813.458799995,341.4181034482759
1777531113,10,,Aggregated,1.200000,0.000000,77,2100,20000,24000,30000,32000,3660000,9624000,9628000,9628000,9628000,464,4,76,235873.3582691813,16.538600000785664,9627813.458799995,341.4181034482759
1777531116,10,,Aggregated,1.300000,0.000000,77,2100,20000,24000,30000,32000,3660000,9624000,9628000,9628000,9628000,466,4,76,234861.60002188865,16.538600000785664,9627813.458799995,340.8304721030043
1777531118,10,,Aggregated,1.300000,0.000000,77,2100,20000,24000,30000,32000,3660000,9624000,9628000,9628000,9628000,469,4,77,233366.38977590643,16.538600000785664,9627813.458799995,340.8720682302772
1777531119,10,,Aggregated,1.400000,0.000000,77,2100,20000,24000,30000,32000,3660000,9624000,9628000,9628000,9628000,470,4,77,232930.79463914916,16.538600000785664,9627813.458799995,340.9191489361702
1777531120,10,,Aggregated,1.400000,0.000000,77,2100,20000,24000,30000,32000,3660000,9624000,9628000,9628000,9628000,470,4,77,232930.79463914916,16.538600000785664,9627813.458799995,340.9191489361702
1777531121,10,,Aggregated,1.400000,0.000000,77,2100,20000,24000,30000,32000,3660000,9624000,9628000,9628000,9628000,470,4,77,232930.79463914916,16.538600000785664,9627813.458799995,340.9191489361702
1777531122,10,,Aggregated,1.300000,0.000000,77,2100,20000,24000,30000,32000,3660000,9624000,9628000,9628000,9628000,471,4,77,232501.67181953316,16.538600000785664,9627813.458799995,341.0276008492569
1777531123,10,,Aggregated,1.300000,0.000000,77,2100,20000,24000,30000,32000,3660000,9624000,9628000,9628000,9628000,471,4,77,232501.67181953316,16.538600000785664,9627813.458799995,341.0276008492569
1777531124,10,,Aggregated,1.300000,0.000000,77,2100,20000,24000,30000,32000,3660000,9624000,9628000,9628000,9628000,471,4,77,232501.67181953316,16.538600000785664,9627813.458799995,341.0276008492569
1777531125,10,,Aggregated,0.900000,0.000000,78,2100,21000,24000,30000,32000,3660000,9624000,9628000,9628000,9628000,472,4,77,232075.84612902568,16.538600000785664,9627813.458799995,341.2563559322034
1777531126,10,,Aggregated,0.900000,0.000000,78,2100,21000,24000,30000,32000,3660000,9624000,9628000,9628000,9628000,472,4,77,232075.84612902568,16.538600000785664,9627813.458799995,341.2563559322034
1777531127,10,,Aggregated,0.900000,0.000000,78,2100,21000,24000,30000,32000,3660000,9624000,9628000,9628000,9628000,472,4,77,232075.84612902568,16.538600000785664,9627813.458799995,341.2563559322034
1777531128,10,,Aggregated,0.900000,0.000000,78,2100,21000,24000,30000,32000,3660000,9624000,9628000,9628000,9628000,472,4,77,232075.84612902568,16.538600000785664,9627813.458799995,341.2563559322034
1777531129,10,,Aggregated,0.600000,0.000000,78,2200,21000,24000,30000,32000,3660000,9624000,9628000,9628000,9628000,474,4,78,231163.3271905066,16.538600000785664,9627813.458799995,341.5506329113924
1777531130,10,,Aggregated,0.300000,0.000000,78,2200,21000,24000,30000,32000,3660000,9624000,9628000,9628000,9628000,475,4,78,230676.74668547395,16.538600000785664,9627813.458799995,341.53684210526313
1777531131,10,,Aggregated,0.300000,0.000000,78,2200,21000,24000,30000,32000,3660000,9624000,9628000,9628000,9628000,475,4,78,230676.74668547395,16.538600000785664,9627813.458799995,341.53684210526313
1777531132,10,,Aggregated,0.300000,0.000000,78,2200,21000,24000,30000,32000,3660000,9624000,9628000,9628000,9628000,475,4,78,230676.74668547395,16.538600000785664,9627813.458799995,341.53684210526313
1777531133,10,,Aggregated,0.400000,0.000000,78,2200,21000,24000,30000,32000,3660000,9624000,9628000,9628000,9628000,476,4,78,230260.39523130277,16.538600000785664,9627813.458799995,341.7373949579832
1777531134,10,,Aggregated,0.500000,0.000000,78,2200,21000,24000,30000,32000,3660000,9624000,9628000,9628000,9628000,477,4,78,229781.99005534613,16.538600000785664,9627813.458799995,341.8008385744235
1777531135,10,,Aggregated,0.500000,0.000000,78,2200,21000,24000,30000,32000,3660000,9624000,9628000,9628000,9628000,477,4,78,229781.99005534613,16.538600000785664,9627813.458799995,341.8008385744235
1777531136,10,,Aggregated,0.500000,0.000000,78,2200,21000,24000,30000,32000,3660000,9624000,9628000,9628000,9628000,477,4,78,229781.99005534613,16.538600000785664,9627813.458799995,341.8008385744235
1777531137,10,,Aggregated,0.600000,0.000000,79,2200,21000,24000,30000,32000,3660000,9624000,9628000,9628000,9628000,478,4,78,229356.95437866132,16.538600000785664,9627813.458799995,341.9958158995816
1777531138,10,,Aggregated,0.500000,0.000000,78,2200,21000,24000,30000,32000,3660000,9624000,9628000,9628000,9628000,479,4,78,228878.17747995848,16.538600000785664,9627813.458799995,341.43632567849687
1777531139,10,,Aggregated,0.500000,0.000000,78,2200,21000,24000,30000,32000,3660000,9624000,9628000,9628000,9628000,479,4,78,228878.17747995848,16.538600000785664,9627813.458799995,341.43632567849687
1777531140,10,,Aggregated,0.600000,0.000000,79,2200,21000,24000,30000,32000,3660000,9624000,9628000,9628000,9628000,482,4,78,227514.392677801,16.538600000785664,9627813.458799995,341.71991701244815
1777531141,10,,Aggregated,0.600000,0.000000,79,2200,21000,24000,30000,32000,3660000,9624000,9628000,9628000,9628000,482,4,78,227514.392677801,16.538600000785664,9627813.458799995,341.71991701244815
1777531142,10,,Aggregated,0.600000,0.000000,79,2200,21000,24000,30000,32000,3660000,9624000,9628000,9628000,9628000,482,4,78,227514.392677801,16.538600000785664,9627813.458799995,341.71991701244815
1777531143,10,,Aggregated,0.700000,0.000000,79,2200,21000,24000,30000,32000,3660000,9624000,9628000,9628000,9628000,484,4,79,226630.72744070258,16.538600000785664,9627813.458799995,341.83677685950414
1777531144,10,,Aggregated,0.700000,0.000000,79,2200,21000,24000,30000,32000,3660000,9624000,9628000,9628000,9628000,485,4,79,226163.52972556706,16.538600000785664,9627813.458799995,341.82268041237114
1777531145,10,,Aggregated,0.700000,0.000000,79,2200,21000,24000,30000,32000,3660000,9624000,9628000,9628000,9628000,485,4,79,226163.52972556706,16.538600000785664,9627813.458799995,341.82268041237114
1777531146,10,,Aggregated,0.700000,0.000000,79,2200,21000,24000,30000,32000,3660000,9624000,9628000,9628000,9628000,486,4,78,225698.24057469136,16.538600000785664,9627813.458799995,341.2716049382716
1777531147,10,,Aggregated,0.700000,0.000000,79,2200,21000,24000,30000,32000,3660000,9624000,9628000,9628000,9628000,486,4,78,225698.24057469136,16.538600000785664,9627813.458799995,341.2716049382716
1777531148,10,,Aggregated,0.800000,0.000000,79,2200,21000,24000,30000,32000,3660000,9624000,9628000,9628000,9628000,488,4,78,224833.4082606558,16.538600000785664,9627813.458799995,341.45081967213116
1777531149,10,,Aggregated,0.800000,0.000000,78,2200,21000,24000,30000,32000,3660000,9624000,9628000,9628000,9628000,489,4,78,224373.7231055215,16.538600000785664,9627813.458799995,341.4376278118609
1777531150,10,,Aggregated,0.800000,0.000000,78,2200,21000,24000,30000,32000,3660000,9624000,9628000,9628000,9628000,489,4,78,224373.7231055215,16.538600000785664,9627813.458799995,341.4376278118609
1777531151,10,,Aggregated,0.900000,0.000000,78,2200,21000,24000,30000,32000,3660000,9624000,9628000,9628000,9628000,491,4,78,223519.7677551935,16.538600000785664,9627813.458799995,341.4704684317719
1777531152,10,,Aggregated,0.900000,0.000000,78,2200,21000,24000,30000,32000,3660000,9624000,9628000,9628000,9628000,491,4,78,223519.7677551935,16.538600000785664,9627813.458799995,341.4704684317719
1777531153,10,,Aggregated,0.900000,0.000000,78,2200,21000,24000,30000,32000,3660000,9624000,9628000,9628000,9628000,491,4,78,223519.7677551935,16.538600000785664,9627813.458799995,341.4704684317719
1777531154,10,,Aggregated,0.900000,0.000000,78,2200,21000,24000,30000,32000,3660000,9624000,9628000,9628000,9628000,491,4,78,223519.7677551935,16.538600000785664,9627813.458799995,341.4704684317719
1777531155,10,,Aggregated,0.800000,0.000000,79,2200,21000,25000,30000,32000,3660000,9624000,9628000,9628000,9628000,492,4,78,223123.3698203252,16.538600000785664,9627813.458799995,341.6910569105691
1777531156,10,,Aggregated,0.700000,0.000000,78,2200,21000,25000,30000,32000,3660000,9624000,9628000,9628000,9628000,493,4,78,222670.86698701826,16.538600000785664,9627813.458799995,341.6774847870183
1777531157,10,,Aggregated,0.600000,0.000000,78,2200,21000,25000,30000,32000,3660000,9624000,9628000,9628000,9628000,494,4,78,222220.18711801615,16.538600000785664,9627813.458799995,341.66396761133603
1777531158,10,,Aggregated,0.600000,0.000000,78,2200,21000,25000,30000,32000,3660000,9624000,9628000,9628000,9628000,495,4,78,221823.98974080803,16.538600000785664,9627813.458799995,341.88282828282826
1777531159,10,,Aggregated,0.700000,0.000000,78,2200,21000,25000,30000,32000,3660000,9624000,9628000,9628000,9628000,497,4,78,220979.98084768606,16.538600000785664,9627813.458799995,341.88329979879273
1777531160,10,,Aggregated,0.700000,0.000000,78,2200,21000,25000,30000,32000,3660000,9624000,9628000,9628000,9628000,497,4,78,220979.98084768606,16.538600000785664,9627813.458799995,341.88329979879273
1777531161,10,,Aggregated,0.700000,0.000000,78,2200,21000,25000,30000,32000,3660000,9624000,9628000,9628000,9628000,498,4,78,220536.38272048184,16.538600000785664,9627813.458799995,341.8694779116466
1777531162,10,,Aggregated,0.800000,0.000000,78,2200,21000,25000,30000,32000,3660000,9624000,9628000,9628000,9628000,500,4,78,219697.17720919993,16.538600000785664,9627813.458799995,342.07
1777531163,10,,Aggregated,0.800000,0.000000,78,2200,21000,25000,30000,32000,3660000,9624000,9628000,9628000,9628000,500,4,78,219697.17720919993,16.538600000785664,9627813.458799995,342.07
1777531164,10,,Aggregated,0.800000,0.000000,78,2200,21000,24000,30000,32000,3659000,9622000,9628000,9628000,9628000,501,4,78,219258.73888063864,16.538600000785664,9627813.458799995,342.05588822355287
1777531165,10,,Aggregated,0.900000,0.000000,78,2200,21000,24000,30000,32000,3659000,9622000,9628000,9628000,9628000,502,4,78,218869.67719203178,16.538600000785664,9627813.458799995,342.2410358565737
1777531166,10,,Aggregated,0.900000,0.000000,78,2200,21000,24000,30000,32000,3659000,9622000,9628000,9628000,9628000,502,4,78,218869.67719203178,16.538600000785664,9627813.458799995,342.2410358565737
1777531167,10,,Aggregated,0.900000,0.000000,78,2200,21000,24000,30000,32000,3659000,9622000,9628000,9628000,9628000,502,4,78,218869.67719203178,16.538600000785664,9627813.458799995,342.2410358565737
1777531168,10,,Aggregated,1.000000,0.000000,78,2200,21000,24000,30000,32000,3659000,9622000,9628000,9628000,9628000,503,4,78,218473.57950079514,16.538600000785664,9627813.458799995,342.42942345924456
1777531169,10,,Aggregated,0.900000,0.000000,78,2200,21000,24000,30000,32000,3659000,9622000,9628000,9628000,9628000,504,4,78,218040.16729742056,16.538600000785664,9627813.458799995,342.41468253968253
1777531170,10,,Aggregated,0.900000,0.000000,78,2200,21000,24000,30000,32000,3659000,9622000,9628000,9628000,9628000,504,4,78,218040.16729742056,16.538600000785664,9627813.458799995,342.41468253968253
1777531171,10,,Aggregated,0.600000,0.000000,78,2200,21000,24000,30000,32000,3659000,9622000,9628000,9628000,9628000,506,4,78,217224.13749130425,16.538600000785664,9627813.458799995,342.44268774703556
1777531172,10,,Aggregated,0.700000,0.000000,78,2200,21000,24000,30000,32000,3659000,9622000,9628000,9628000,9628000,507,4,78,216795.76017435887,16.538600000785664,9627813.458799995,342.42800788954634
1777531173,10,,Aggregated,0.700000,0.000000,78,2200,21000,24000,30000,32000,3659000,9622000,9628000,9628000,9628000,507,4,78,216795.76017435887,16.538600000785664,9627813.458799995,342.42800788954634
1777531174,10,,Aggregated,0.800000,0.000000,78,2200,21000,24000,30000,32000,3659000,9622000,9628000,9628000,9628000,508,4,77,216369.0688220472,16.538600000785664,9627813.458799995,342.4133858267717
1777531175,10,,Aggregated,0.800000,0.000000,78,2200,21000,24000,30000,32000,3659000,9622000,9628000,9628000,9628000,509,4,78,215989.85156620824,16.538600000785664,9627813.458799995,342.59528487229863
1777531176,10,,Aggregated,0.600000,0.000000,78,2200,21000,24000,30000,32000,3659000,9622000,9628000,9628000,9628000,511,4,78,215189.34996340505,16.538600000785664,9627813.458799995,342.8473581213307
1777531177,10,,Aggregated,0.600000,0.000000,78,2200,21000,24000,30000,32000,3659000,9622000,9628000,9628000,9628000,511,4,78,215189.34996340505,16.538600000785664,9627813.458799995,342.8473581213307
1777531178,10,,Aggregated,0.700000,0.000000,78,2200,21000,24000,30000,32000,3659000,9622000,9628000,9628000,9628000,512,4,77,214769.1302671874,16.538600000785664,9627813.458799995,342.83203125
1777531179,10,,Aggregated,0.900000,0.000000,78,2200,21000,24000,30000,32000,3659000,9622000,9628000,9628000,9628000,513,4,78,214390.40631832348,16.538600000785664,9627813.458799995,342.87524366471735
1777531180,10,,Aggregated,0.900000,0.000000,78,2200,21000,24000,30000,32000,3659000,9622000,9628000,9628000,9628000,513,4,78,214390.40631832348,16.538600000785664,9627813.458799995,342.87524366471735
1777531181,10,,Aggregated,0.900000,0.000000,78,2200,21000,24000,30000,32000,3659000,9622000,9628000,9628000,9628000,514,4,78,213977.36025428004,16.538600000785664,9627813.458799995,342.931906614786
1777531182,10,,Aggregated,0.900000,0.000000,78,2200,21000,24000,30000,32000,3659000,9622000,9628000,9628000,9628000,514,4,78,213977.36025428004,16.538600000785664,9627813.458799995,342.931906614786
1777531183,10,,Aggregated,0.900000,0.000000,78,2200,21000,24000,30000,32000,3659000,9622000,9628000,9628000,9628000,514,4,78,213977.36025428004,16.538600000785664,9627813.458799995,342.931906614786
1777531184,10,,Aggregated,0.900000,0.000000,79,2200,21000,24000,30000,32000,3659000,9622000,9628000,9628000,9628000,516,4,78,213198.95194302313,16.538600000785664,9627813.458799995,343.1686046511628
1777531185,10,,Aggregated,0.900000,0.000000,79,2200,21000,24000,30000,32000,3659000,9622000,9628000,9628000,9628000,516,4,78,213198.95194302313,16.538600000785664,9627813.458799995,343.1686046511628
1777531186,10,,Aggregated,0.900000,0.000000,79,2200,21000,24000,30000,32000,3659000,9622000,9628000,9628000,9628000,516,4,78,213198.95194302313,16.538600000785664,9627813.458799995,343.1686046511628
1777531187,10,,Aggregated,0.700000,0.000000,79,2200,21000,24000,30000,32000,3659000,9622000,9628000,9628000,9628000,517,4,79,212831.66082804633,16.538600000785664,9627813.458799995,343.3733075435203
1777531188,10,,Aggregated,0.700000,0.000000,79,2200,21000,24000,30000,32000,3659000,9622000,9628000,9628000,9628000,518,4,78,212420.85624440145,16.538600000785664,9627813.458799995,343.35714285714283
1777531189,10,,Aggregated,0.700000,0.000000,79,2200,21000,24000,30000,32000,3659000,9622000,9628000,9628000,9628000,518,4,78,212420.85624440145,16.538600000785664,9627813.458799995,343.35714285714283
1777531190,10,,Aggregated,0.600000,0.000000,79,2200,21000,24000,30000,32000,3659000,9622000,9628000,9628000,9628000,520,4,78,211652.71911269223,16.538600000785664,9627813.458799995,343.55961538461537
1777537086,10,,Aggregated,0.600000,0.000000,79,2200,21000,24000,30000,32000,3659000,9622000,9628000,9628000,9628000,520,4,78,211652.71911269223,16.538600000785664,9627813.458799995,343.55961538461537
